cluster,lat,lon,n_cells,detections,max_days,mean_frp,extent_km,cluster_days
0,10.813901501322752,79.30590380820105,3,164,128,0.7034726631393298,0.8,149
1,10.880754,77.267458,1,5,4,0.484,0.3,4
2,10.92738159259259,77.06373042037036,3,151,73,0.9665888888888888,1.4,129
3,11.179820218954248,79.09402541666667,4,178,90,0.8749362745098039,2.1,164
4,11.304842068181818,79.80561396212121,4,47,32,1.041909090909091,1.1,45
5,11.813556655047993,77.91886134649641,5,919,356,1.8046717978844817,2.0,533
6,12.80797,77.43362,1,1,1,0.54,0.0,1
7,12.853659146634616,79.90518567708332,4,57,20,2.3978806089743587,1.3,41
8,12.9666725,79.9144475,2,6,4,1.4825,0.6,6
9,13.083403793103448,79.98033258620688,2,30,24,1.4374137931034483,0.8,25
10,13.003213888888888,74.85104444444444,1,18,15,1.7072222222222222,0.5,15
11,13.160200872822202,80.2845566688894,2,397,225,2.099356165938369,1.5,319
12,13.291600416666668,80.3435588888889,2,37,33,1.9538888888888888,1.0,34
13,13.392156486486487,80.10193162162163,1,37,36,1.047837837837838,0.6,36
14,13.420042564102564,80.08833538461538,1,39,34,1.0194871794871794,0.6,34
15,13.554924924098671,77.0129220113852,2,48,31,0.5501423149905124,0.6,46
16,13.715259499999998,79.62471891666667,4,24,10,1.2348333333333332,0.7,23
17,13.898374458333333,76.56498916666666,2,54,29,0.8950833333333332,0.9,52
18,14.588063770491804,78.58064049180328,1,61,57,1.05,0.5,57
19,14.60534298477564,78.52243885016026,2,122,94,1.0564022435897436,0.8,118
20,14.87393905050505,78.0532032121212,3,154,120,1.6814747474747476,0.9,129
21,14.93036125,78.33993625,1,8,8,0.7625,0.4,8
22,15.01426705128205,76.89815544871794,2,41,37,0.8394871794871795,0.8,39
23,15.005158419117645,76.99921130514706,2,66,31,1.6845588235294118,0.8,53
24,15.024005530309411,78.0143137458937,4,611,414,1.2060159057726865,1.0,517
25,15.073395960811883,76.86531470073777,4,379,234,0.9302240786078211,1.3,323
26,15.119013918918919,76.8111577027027,1,148,141,0.6928378378378379,0.7,141
27,15.140738628022524,76.70952475172075,3,871,385,0.7970567326256558,2.4,591
28,15.171670009295372,76.37712501292614,5,1662,872,1.8785223669993278,1.9,896
29,15.179460393509002,76.66337587752827,17,7175,1006,1.88723595533204,7.0,1149
30,15.175636048188464,76.78627762752265,4,159,93,0.9035948673128873,1.6,145
31,15.179593785727441,77.10263285266812,4,801,650,1.0054664343324673,1.8,677
32,15.195578293650794,76.37934470238095,2,102,81,1.2959126984126983,0.7,93
33,15.225184886767142,76.76430064413518,4,177,88,1.6239271729266944,1.0,148
34,15.314341743249129,76.25475449005518,4,86,41,0.9209618176538908,1.3,83
35,15.322049999999999,76.23254,1,5,5,0.434,0.4,5
36,15.334275555555555,76.24727492063492,3,46,39,1.0823015873015873,1.2,42
37,15.335758159339258,76.28192625713028,5,828,317,1.3738365356016788,2.0,566
38,15.525005923624864,73.99528452876055,4,412,290,1.7433969740762547,1.3,335
39,15.65850114873035,73.98886385731561,1,827,661,1.116154776299879,1.0,661
40,15.68486427549195,78.45777838103757,2,56,43,0.8585241502683363,0.6,54
41,15.915164813627932,77.36279733597571,2,170,117,0.8924481362793051,0.6,160
42,15.964234318181818,80.93876848484848,2,68,63,0.6982575757575757,0.8,63
43,16.361262500000002,81.28424333333334,2,7,5,0.43249999999999994,0.4,6
44,16.695473471760796,79.64901632890366,2,50,43,1.008405315614618,0.5,50
45,16.71495685714286,79.8180925,2,17,10,1.0118571428571428,0.4,16
46,16.8102,79.91486,1,1,1,1.17,0.0,1
47,16.831826666666668,80.03688416666667,1,12,11,0.9083333333333333,0.4,11
48,16.871461059602648,80.02354453642384,2,303,285,1.2651655629139071,0.8,286
49,16.8755184375,80.12,2,18,16,1.044375,0.4,18
50,16.88399,81.95864,1,3,3,0.7799999999999999,0.3,3
51,17.06417769787234,76.97866082928661,2,472,374,1.5531644555694617,1.3,406
52,17.14031747016899,77.1806292041973,3,311,222,1.0279340412151703,1.4,266
53,17.145399724374194,78.2243237654739,4,549,312,0.8956142213162861,1.0,463
54,17.21992442307692,79.02456596153846,2,17,13,0.5913461538461539,0.5,16
55,17.462948333333333,80.65434083333332,2,7,6,1.065,0.4,7
56,17.532578571428573,83.00020542857142,1,35,32,1.7288571428571429,0.7,32
57,17.584157241233033,80.31599350113122,4,212,136,1.2550186180241327,1.0,176
58,17.609240426901735,83.19649689675127,9,2771,922,2.339581841538529,4.3,985
59,17.69442350974026,83.24383816991342,4,147,98,2.2030339105339105,1.3,119
60,17.80782090909091,78.43217060606061,1,33,31,0.8496969696969696,0.7,31
61,17.95343356462585,80.76318720408163,3,56,28,2.9097142857142857,1.0,30
62,17.955748825757574,80.799161,2,354,272,1.9009128787878786,1.2,277
63,17.95791375,80.78191000000001,1,8,8,0.965,0.4,8
64,18.540766666666666,83.34354666666667,1,3,2,1.4266666666666667,0.4,2
65,18.670235559210525,79.55511782236842,2,59,33,2.548671052631579,1.1,47
66,18.686381544079044,73.03969781111833,7,5951,990,2.183029876025134,3.6,1218
67,18.691925,73.840465,1,2,2,1.0550000000000002,0.3,2
68,18.721073333333333,79.50658166666666,1,6,6,2.5033333333333334,0.4,6
69,18.726689232323462,79.53451112259492,5,1470,646,2.4448879674272237,3.2,703
70,18.804483444444443,74.25938111965812,2,162,103,1.8566581196581198,1.1,125
71,18.856534646028017,72.92685117551999,3,702,358,3.3924576823536015,1.4,379
72,19.015674834333733,72.90263575780313,5,292,120,2.7824876150460183,2.8,178
73,19.099496602468477,82.16583295851498,6,987,332,2.4504263251200773,2.6,357
74,19.103556070426063,73.05340597042607,3,733,515,1.3287619047619046,1.6,522
75,19.33232333333333,83.42978,1,3,2,1.0133333333333334,0.3,2
76,19.70529583333333,79.21649833333333,2,7,5,0.6166666666666667,0.4,6
77,19.724161361336034,79.17520126923077,4,228,124,1.2369068825910932,0.7,215
78,19.785988787571767,79.14666485297371,3,659,560,1.3958029090824395,0.9,589
79,19.80218452020202,78.86524636363637,2,29,17,0.736919191919192,0.5,27
80,19.924422276810354,79.11624488762014,3,632,510,1.1461611951660482,1.8,557
81,19.935501382575758,73.71197223484847,2,100,79,1.1962310606060607,0.9,86
82,19.9642597626073,79.33461826420822,4,774,393,1.5865682987732344,1.1,541
83,20.127310315255066,79.02435527733883,7,310,130,1.377823039621514,3.3,208
84,20.2105125,72.81137416666667,1,12,8,1.4941666666666666,0.6,8
85,20.246671099281222,86.60408745889488,5,429,235,2.583995193171608,2.9,325
86,20.355226875,72.94886666666667,2,11,8,0.8560416666666666,0.4,10
87,20.515207130551573,85.72487692379855,4,215,79,1.01789591425904,1.3,202
88,20.53462,85.91423,2,2,1,0.615,0.2,2
89,20.70004790402661,78.63022982012943,7,442,181,1.5121311030805422,2.7,321
90,20.762204313098145,85.29494239984349,3,951,434,3.1523434484512003,1.7,473
91,20.793079230823146,85.25836231965039,10,10676,1148,2.481791911328396,4.1,1328
92,20.82793329090909,86.96389017575758,5,67,23,3.331557575757576,2.0,36
93,20.83505953696809,70.69419933833287,4,485,208,1.1987401401436726,1.2,416
94,20.86464,79.24334625,2,5,4,1.0575,0.2,5
95,20.8581237704918,79.28654262295082,2,123,109,1.6008196721311474,0.9,110
96,20.87675716379167,84.98791598570202,9,3906,764,2.100094870716384,4.3,1135
97,20.868289913793106,70.56528681034483,2,33,29,0.830948275862069,0.4,33
98,20.868606923076925,71.39726358974359,1,39,39,0.9356410256410257,0.4,39
99,20.910187796762592,71.45935697841726,1,1112,889,1.4113938848920864,1.0,889
100,20.924342083333336,86.0425575,2,74,70,0.713125,0.6,72
101,20.955641458984914,85.01218120611142,10,833,265,1.7178872799395517,4.2,452
102,20.951757736316676,86.05179539098246,7,3357,996,1.828991891668346,3.8,1133
103,20.969189472943583,85.15329340609766,28,20863,1223,2.0323320526306845,8.5,1364
104,20.96875036679788,86.00882085084596,8,4950,908,2.673220134959722,3.1,1205
105,20.997067998333332,86.01732563916264,5,443,166,2.2826110547504026,2.4,233
106,21.07284254323821,85.03904642010775,8,6072,1172,2.1405148928065105,2.7,1206
107,21.101371681404586,72.6448892619305,9,11385,1288,4.581972356106221,4.3,1465
108,21.154419293181334,72.73591746207568,4,775,350,2.1463310710029475,1.8,408
109,21.187718761628005,81.38793729664621,8,1618,716,1.9055636449807212,4.3,840
110,21.18947899621212,81.2044428030303,2,94,87,0.8567234848484849,1.6,93
111,21.195022047761896,81.4155913195292,4,977,323,3.904688367974684,1.6,546
112,21.234300382286275,79.63016369092324,2,560,425,1.3997027977942418,1.0,456
113,21.243898775465876,79.22724957284711,5,901,436,1.4345138263056358,2.2,612
114,21.2395343,81.38556170000001,2,85,73,0.9007000000000001,0.5,82
115,21.245151861904763,81.77047183333333,2,71,50,0.9632999999999999,0.8,69
116,21.266407903225808,79.1811714516129,2,32,29,1.248709677419355,0.8,30
117,21.308548156441717,81.5878169601227,2,817,701,0.7457730061349692,1.2,701
118,21.32499675,81.57866675,2,13,8,0.6737500000000001,0.5,13
119,21.34536104971967,81.66611423611431,4,893,263,1.3566564192713584,1.9,555
120,21.374856628796973,81.6492875744183,12,3063,830,1.3767610482768955,4.4,1044
121,21.369230920891027,81.681406802741,7,2803,1002,1.6573383954172676,2.9,1091
122,21.29839777730869,81.60923330424993,3,480,348,1.02619320136348,1.7,383
123,21.43255,72.97690733333334,1,15,14,1.6099999999999999,0.6,14
124,21.486311519993055,81.76724774852609,3,1161,848,1.5221287678057838,1.3,874
125,21.531221641791046,86.83301880597014,1,67,63,0.8465671641791045,0.6,63
126,21.544338839766084,81.94742502807017,2,196,159,1.1797578947368423,0.7,173
127,21.55591693548387,81.74920790322581,2,32,29,0.6235483870967742,0.7,30
128,21.5760709144819,82.02389187265918,3,280,256,1.3591632334581771,0.7,268
129,21.497177241379312,81.78297965517243,1,29,28,0.903448275862069,0.5,28
130,21.63088864864865,82.11226189189189,1,37,37,0.8243243243243243,0.5,37
131,21.67427854617649,82.08340373981984,4,1074,789,3.1394382844450712,1.3,813
132,21.678735194830942,84.04018415585597,4,2900,1169,2.5379635924888566,2.0,1170
133,21.68479,85.436755,1,2,2,0.715,0.1,2
134,21.694595161962834,72.60493020291813,4,136,42,4.716178919860627,1.3,75
135,21.714745989159894,84.04112554200542,2,50,41,0.706490514905149,0.5,50
136,21.73094302641956,82.21475974483232,2,469,299,1.2479409139963473,0.9,424
137,21.747007664389,83.84361269246354,6,2385,785,1.9840978267380676,4.0,921
138,21.73348679479419,83.9826762517579,3,204,104,1.161501332942011,1.3,171
139,21.746360891608393,83.8194834090909,2,48,22,1.7653846153846153,1.5,35
140,21.76172120152108,84.02149331703998,8,6802,1136,2.2961775741487567,2.8,1213
141,21.773930113488298,83.82832572287542,7,743,288,1.6563368434933634,3.1,354
142,21.764873392857144,85.57956928571429,2,34,20,0.7319642857142856,0.5,33
143,21.79472662757437,72.64619765732266,4,64,37,2.067774599542334,0.9,51
144,21.799016673515656,83.88534496129131,6,358,118,1.4352727421641127,2.4,255
145,21.79495805057439,83.98911661179602,2,169,85,1.0593289436817037,0.7,163
146,21.697029404761906,84.03393511904761,2,43,40,1.9473809523809524,0.7,41
147,21.820612747252746,83.89494050366301,2,47,25,1.6333608058608058,1.0,42
148,21.81948177142857,83.99515473516485,2,191,85,1.046414835164835,1.0,155
149,21.847400000000004,84.92607333333333,1,3,3,0.5266666666666667,0.1,3
150,21.85873532210402,83.96574731678487,2,197,174,1.4809160756501183,0.7,182
151,21.875554731376685,83.49522914492098,4,847,407,1.149655276495749,1.0,734
152,21.880542868732352,83.55141555568862,4,1228,589,0.937114039490037,2.0,921
153,21.8876535,82.05300183333334,1,60,59,0.6685,0.5,59
154,21.801940000000002,85.56560333333334,2,7,6,0.6508333333333334,0.5,7
155,21.90994,72.68173,1,1,1,1.57,0.0,1
156,21.905403950793648,72.75554189126984,4,93,45,1.0617626984126984,1.1,76
157,21.922427671652255,83.34687925554084,10,6270,1289,2.3868248985089684,3.2,1298
158,21.928214553501704,85.22311535086986,3,1971,1043,1.4007003664295592,1.7,1045
159,21.94276,83.49826,1,1,1,0.38,0.0,1
160,21.96840445439841,85.31445422545727,2,537,384,0.7759813985317905,0.9,471
161,21.98407515282691,83.23489376645844,4,1456,655,1.5796133851076155,1.9,960
162,21.986445,83.365555,2,2,1,0.375,0.2,2
163,21.99108273133117,85.32561087560876,2,372,294,0.8083390827922077,0.8,353
164,22.005119583243744,82.67173984856579,3,2422,988,1.9768233760580944,1.4,1148
165,22.008154074074074,83.32885296296297,1,27,26,0.7314814814814815,0.6,26
166,22.02207109375,83.3795898263889,1,576,517,1.2201736111111112,0.8,517
167,22.01786,83.75328333333333,1,3,3,1.7066666666666668,0.3,3
168,22.03438227615705,83.35841766381506,5,2562,795,1.4526258851330398,2.9,927
169,22.0433562849036,83.73364140558594,12,6424,860,3.209439290074855,4.9,1216
170,22.054636445587835,85.4649769074997,4,778,274,0.9853277219825092,0.9,666
171,22.057041154369553,88.11855041245016,9,3689,832,2.425751705600559,4.0,1185
172,22.066713,83.70469266666666,2,30,15,0.776,0.6,29
173,22.084221300000003,84.8616518,2,51,46,0.4847,0.6,47
174,22.088485,88.1113505,1,40,35,1.29775,0.6,35
175,22.104969149149458,83.12288166129518,4,564,257,1.386154117228449,1.5,318
176,22.105599117327266,83.52492667962034,4,488,168,1.9009403026086993,1.3,275
177,22.114116250000002,83.5428375,1,8,7,0.7725,0.3,7
178,22.129092892857145,72.76507007142857,2,48,27,0.5756785714285715,0.7,44
179,22.134382954545455,85.38254939772727,2,465,407,0.8019318181818181,0.8,422
180,22.134234770833334,85.41571569583334,4,216,181,0.7392416666666667,1.3,188
181,22.16792178313253,85.43552229518073,2,93,81,0.5571686746987952,0.5,91
182,22.098822974308302,84.37554432411066,2,137,112,0.5710909090909091,0.6,134
183,22.212003499979858,84.85981532817037,10,4895,912,1.678726522449591,4.9,1140
184,22.221625,84.69662100000001,1,10,10,0.528,0.4,10
185,22.223929608075963,84.7552777838366,4,1225,462,1.1785734859957475,2.0,655
186,22.244869474040353,87.38881147022639,2,574,281,1.3778216043307085,1.0,449
187,22.265045587509892,75.13424616757383,4,842,360,1.3258013002549927,1.0,657
188,22.201970071428573,84.57775778571428,1,140,137,0.8332857142857143,0.7,137
189,22.322264397247345,82.5417020986289,20,2386,312,1.4858733592754556,7.0,932
190,22.31648531746032,82.73679763575605,3,78,55,1.3521512113617378,1.4,72
191,22.314628019886364,84.76765326988637,2,142,110,0.7564034090909091,0.6,141
192,22.32271666666667,69.88087333333333,1,3,3,9.596666666666666,0.6,3
193,22.33040465422174,82.60898092444637,9,1307,369,1.676271317560379,4.7,704
194,22.329362107303186,82.66606415258289,14,3147,499,1.8429137079942142,5.2,846
195,22.331562932121216,69.74019485454546,3,151,121,1.862047272727273,1.9,142
196,22.33683827435047,69.85973866798695,5,524,176,2.6554784590478286,2.1,370
197,22.343525,69.88039166666667,1,6,6,0.9883333333333333,0.4,6
198,22.355544143546947,82.30009631942073,6,947,239,3.22500774645547,2.5,267
199,22.365058675393005,73.11539575324005,4,328,99,2.2342545380583454,1.6,267
200,22.36489586914613,87.01604576154924,4,2632,915,1.9358947946829757,1.6,1120
201,22.36351966731484,87.30030253389876,5,2856,724,1.9369576491183373,2.8,956
202,22.380900310896937,87.28227364261807,6,2794,1185,1.498036128365391,2.7,1189
203,22.391420434782606,85.77096826086957,1,46,44,0.6369565217391304,0.7,44
204,22.41574781180867,69.03935675687595,2,769,464,1.4817689835575485,1.1,488
205,22.400985284552846,69.0192725203252,1,123,123,0.936260162601626,0.6,123
206,22.592933809033223,85.90510055152211,4,1655,631,0.9794989917914592,1.4,961
207,22.629150714285714,75.56878642857143,1,42,42,0.7528571428571429,0.6,42
208,22.631042716049382,86.17838259259258,1,81,78,0.6422222222222222,0.6,78
209,22.761210000000002,77.65708666666667,1,3,3,4.753333333333334,0.2,3
210,22.777675,86.12534,1,4,4,0.6124999999999999,0.2,4
211,22.791137407878725,86.20180423738114,8,7721,1117,2.813868985466782,3.3,1252
212,22.7913015,70.917672,1,20,18,1.802,0.9,18
213,22.811096731166725,86.08664067663805,5,2716,1120,1.2446794390342653,2.9,1143
214,22.855905455080777,86.05565453075042,4,706,543,0.8295851917333013,1.0,607
215,22.87462286783516,86.06399800020334,4,1036,592,1.314358724613847,1.2,743
216,22.872515,88.21334875,1,8,8,0.635,0.2,8
217,22.906626750788643,69.69830340694007,3,319,275,1.1621345951629862,1.3,276
218,22.90683,69.87265,1,1,1,0.75,0.0,1
219,22.911211438356165,86.07384027397259,2,74,70,0.6023287671232878,0.6,70
220,22.92556900455038,69.82430715695196,4,417,316,0.8589160346695558,0.8,393
221,22.935781655083574,69.69762390399438,3,822,468,1.0245226634828872,1.7,528
222,22.964054330357143,85.99782013392857,2,114,111,0.4555357142857143,0.6,112
223,22.97333856351527,72.55981331140352,4,202,96,1.4461062378167642,2.5,141
224,22.988246376811595,72.58793652173912,1,69,64,0.7328985507246377,0.8,64
225,23.01469883690106,70.1040888318088,4,625,400,0.9359330983387397,1.2,535
226,23.030683333333332,86.16086666666666,1,3,3,0.4066666666666667,0.2,3
227,23.116775067063493,70.08529257460317,4,261,81,1.5883599206349206,1.7,200
228,23.10521673571112,70.18607592010044,4,408,215,0.8736488332594889,0.9,376
229,23.168508712302476,82.34073256943253,8,4870,1236,2.643073809345726,2.7,1248
230,23.170646875,70.2179440625,1,32,32,0.6359375,0.5,32
231,23.260852392079055,70.25654917447862,6,1096,520,1.1388142668350716,2.6,716
232,23.265915303030305,70.28171863636364,2,80,72,0.6793073593073593,0.8,74
233,23.31456131443299,70.19978855670104,2,103,94,0.6167611683848797,0.6,100
234,23.311315037056506,70.48274946575616,5,627,287,1.0849032332279815,2.2,516
235,23.32659088744589,70.21428493506494,3,68,50,0.860995670995671,0.7,61
236,23.362774685990335,83.22207444444444,3,208,115,1.3195652173913042,1.5,160
237,23.41548,72.35542666666667,3,3,1,0.5766666666666667,0.5,3
238,23.407966110630944,72.41577935609334,2,102,76,0.7935738980121003,0.8,85
239,23.43009566899586,68.71382795807453,2,559,474,1.0536141304347826,0.9,481
240,23.430922631578948,86.9010252631579,1,19,18,0.9147368421052631,0.4,18
241,23.484536014397378,87.36096210227886,6,865,487,1.311211325658619,2.1,563
242,23.496062551020408,68.57870872448979,2,99,81,1.1335714285714285,0.8,82
243,23.514198112432208,87.27502524723502,4,639,347,0.9821588699134828,2.1,442
244,23.52918851851852,85.6989725925926,1,54,53,0.5192592592592592,0.6,53
245,23.548244675923385,86.54504962186488,2,540,267,1.0759919872674386,1.0,477
246,23.55609178110487,87.24101001467307,5,3826,1205,2.0402872317333007,3.1,1227
247,23.56410865796137,87.08618678343427,4,1069,404,1.175760984527326,1.7,718
248,23.614968054337815,86.78713304307402,4,1594,727,2.287715329730529,1.4,976
249,23.615730462962965,86.86132917496806,2,193,121,0.7680696040868454,1.0,170
250,23.6084522059645,87.14826502793017,3,975,520,1.1613953255638345,1.8,639
251,23.625589678679653,85.64500486290044,5,177,76,0.5219696320346321,3.0,162
252,23.632757465751467,86.2963137029172,3,734,336,1.2337679822679821,2.0,512
253,23.64129666666667,85.39764483333333,1,60,59,0.5608333333333333,0.7,59
254,23.64623913530466,85.4393469982079,2,283,183,1.2976164874551972,1.0,183
255,23.656073821791374,85.50596600663766,4,486,362,0.890937923401332,1.1,400
256,23.6494925,85.56834321428572,1,28,28,0.7385714285714285,0.6,28
257,23.666484746477852,84.9956093435326,4,1609,589,1.2174697539559824,2.1,788
258,23.66294075471698,85.55223009433962,1,106,104,0.5459433962264151,0.5,104
259,23.6595700377488,86.44499422958134,2,156,91,0.9898936170212765,0.7,142
260,23.667173747364345,86.92273359223834,6,1630,667,1.4666504689310191,3.2,794
261,23.662803333333333,87.20712333333334,1,3,3,0.6366666666666667,0.4,3
262,23.684361915649593,86.08943183748416,17,7956,1136,1.8639726379929689,7.3,1273
263,23.678651097683694,86.39889809427424,10,9207,1212,2.277330325186848,5.0,1333
264,23.69187510468229,87.11413679359497,11,7487,1184,1.5551390886525134,3.6,1218
265,23.690032608695653,68.83255434782609,1,23,22,0.6347826086956522,0.5,22
266,23.704649022324517,85.28546076995342,8,771,231,0.9601890337194485,3.4,484
267,23.708944284855768,85.4044596484375,2,141,121,0.5820192307692307,0.7,132
268,23.708933333333334,85.42687333333333,1,3,3,0.52,0.3,3
269,23.754826844162814,86.40655516362483,34,31174,1305,2.0284685227070947,13.1,1431
270,23.730104347792114,85.01298528288693,10,4397,971,1.703137296242477,4.1,1124
271,23.72430913532824,85.5249090393322,4,140,91,0.5643654499151104,0.7,134
272,23.73139074906367,86.75570113295879,2,190,161,1.48375468164794,0.7,168
273,23.744902799236133,85.50560035185745,4,957,356,1.0934300395986443,1.0,711
274,23.75480625144662,85.85759958150041,5,2307,732,1.9848770204502184,2.2,1018
275,23.765495286208356,86.03541661278939,4,222,83,1.4219357001693957,1.0,158
276,23.76821157894737,86.01205736842105,1,19,19,0.6836842105263158,0.4,19
277,23.77663065975509,86.20491785654127,9,6755,1115,2.077127604826256,3.5,1231
278,23.78630350270649,86.30745369262503,5,438,218,1.6419791889287905,1.8,313
279,23.789550340090912,86.34480584190358,10,8205,1114,2.3850121403464493,4.3,1308
280,23.7941875,85.559565,1,4,3,0.9750000000000001,0.2,3
281,23.794868930210118,86.23503851298507,4,743,233,1.1930746582962037,1.0,573
282,23.793856149572647,87.07497022649574,3,52,26,2.807811965811966,1.7,49
283,23.695856666666668,84.99689,1,3,2,0.3466666666666667,0.2,2
284,23.809321021139766,84.84508168871389,6,1058,395,1.3641424692593374,2.3,642
285,23.806313469918695,85.53653763252032,3,92,45,0.9202829268292684,1.7,71
286,23.80702741935484,85.86230548387097,1,31,29,0.8945161290322581,0.5,29
287,23.805231633244432,86.32119104111597,6,4900,1193,2.499112694323948,2.6,1278
288,23.80493318057407,87.0415496790014,7,1763,762,2.330189339465815,4.0,767
289,23.828314671986337,84.93036101991498,4,276,103,1.8349828328992415,2.4,127
290,23.827306206866805,85.46526374654934,5,96,45,0.6129510006901311,2.1,93
291,23.82390042523519,85.49674269540526,4,1721,792,1.496791831169205,1.8,944
292,23.81588,86.96983,1,1,1,0.42,0.0,1
293,23.83893874251497,84.9487207784431,1,167,129,1.152694610778443,1.1,129
294,23.841021724941726,85.30466630536131,2,92,64,0.7254953379953379,0.8,88
295,23.92557932364096,85.34302625158028,2,120,109,0.7208912768647282,0.6,116
296,23.98968549802761,79.39360328895464,2,509,466,1.1081360946745562,0.9,468
297,24.00991740740741,80.52980962962964,1,27,27,1.0692592592592594,0.5,27
298,24.053476619281046,80.61437210294118,3,275,231,1.0891519607843139,0.7,260
299,24.116219843781593,86.85965166936299,2,273,160,1.4023276036400403,1.2,185
300,24.12534217183858,82.61523755845717,4,126,37,1.1402001384032634,1.0,93
301,24.118868540874526,86.35400618924615,2,355,243,0.8951142750867912,1.1,304
302,24.165451440002904,82.56745314945802,14,2074,467,1.8247868708593558,7.4,843
303,24.154969733445565,82.61172268237935,9,76,43,1.0902693602693603,3.5,72
304,24.143911203703706,82.63474411589009,3,62,26,0.9156730386300279,1.1,41
305,24.142135,82.6806375,1,4,4,0.71,0.4,4
306,24.14417,82.74372,1,1,1,0.66,0.0,1
307,24.145618659957627,86.33192311440678,2,75,51,0.9680402542372881,0.7,61
308,24.162267682384343,82.67740402897813,7,324,179,1.2376067615658364,3.1,201
309,24.16755141204496,80.6949795555175,2,530,267,1.07925111263266,0.8,482
310,24.205367509882983,82.5249762440702,4,291,121,1.0855921884882986,0.9,251
311,24.205472534488237,82.71311875905911,4,690,415,1.8705476266158083,1.5,439
312,24.242584285714287,78.16217857142858,1,14,13,1.3807142857142856,0.7,13
313,24.202755,80.80031984126984,1,126,122,1.0285714285714285,0.5,122
314,24.325498887781542,81.32764221447081,2,202,168,1.0136555710584014,0.7,195
315,24.44929717791411,83.03931604294478,1,326,303,0.947760736196319,0.8,303
316,24.483598943833943,77.14621037240538,3,58,36,1.6265567765567768,0.9,47
317,24.528297414965987,81.16939163265306,1,147,145,0.8712244897959183,0.6,145
318,24.565032969683394,81.0042281819992,4,210,122,1.2254047192353643,0.7,203
319,24.565480961538462,81.17569551282051,4,31,26,1.1519551282051281,0.6,31
320,24.579125148039843,74.80434628666727,2,384,335,1.1243644338846752,0.8,364
321,24.595417499999996,80.861246,2,45,39,0.92625,0.4,44
322,24.60449475163399,73.81605607189543,3,42,33,0.8596339869281047,0.6,41
323,24.641624712851407,74.68465115461848,2,113,74,1.3902309236947792,0.7,95
324,24.657937523809522,73.87548933333333,2,38,35,0.8915714285714287,0.7,38
325,24.661457615795165,74.63412056843428,2,1130,777,1.6128018511681532,1.1,825
326,24.690242703332558,73.00397785306455,2,627,537,1.4342064786762991,0.9,545
327,24.691466000000002,74.68113485714285,1,35,34,1.0554285714285714,0.5,34
328,24.714758579242634,74.67054074754559,2,146,113,0.8272917251051893,0.6,144
329,24.7147315106748,75.95395336407104,4,301,166,0.821740611894777,0.7,285
330,24.764323446685783,74.60634807428647,4,791,572,1.4559310482795411,0.9,651
331,24.821258283963765,73.0944803093463,2,750,547,1.328461230214386,1.0,660
332,24.925623414697046,84.15453192504758,6,184,91,4.2413104338664285,2.7,151
333,24.934385183850463,74.63446324166846,4,412,298,1.0845603228470875,0.8,389
334,24.962095705128206,74.12480205128205,2,19,13,0.829551282051282,0.4,19
335,25.301561803571428,71.75696766071428,4,84,49,1.6044880952380953,2.6,64
336,25.310872403225808,83.01442525806452,2,72,61,0.890225806451613,0.6,70
337,25.41545642857143,86.02562299512986,4,23,10,1.8223214285714286,0.9,16
338,25.43703,86.06841826666667,1,75,61,2.946266666666667,0.7,61
339,25.515609752668308,90.9055777093596,4,85,22,1.266840106732348,1.4,36
340,25.542138295454546,91.23520996212122,2,35,23,0.6866287878787879,0.6,33
341,25.671774444444445,76.18919666666666,1,18,17,0.5316666666666667,0.3,17
342,25.906806666666668,71.56875000000001,1,3,3,0.4833333333333334,0.1,3
343,26.058992857142858,93.89320928571429,1,14,14,0.5978571428571428,0.5,14
344,26.06477660337553,93.929313185654,2,94,76,0.5987004219409282,0.7,90
345,26.08523938095238,93.95204333333334,2,31,21,0.45735714285714285,0.5,30
346,26.257805879545458,74.09539333863637,2,113,82,0.9144545454545454,0.7,106
347,26.269922849730335,74.18930716049383,3,591,405,1.0262162922066302,1.4,411
348,26.297277695099815,74.12536553344569,2,191,132,0.9930859476276899,0.8,185
349,26.522780933977458,90.53374210681697,3,264,162,2.0850241545893717,1.4,193
350,26.60506196071879,73.68461908690718,4,158,59,0.9120795301277482,0.6,155
351,26.644079030247823,79.47960227141107,6,1509,744,4.424142269680236,1.8,767
352,26.76009407706093,83.20016758602151,3,956,754,1.3987840501792117,1.4,757
353,26.772642,94.506638,1,5,5,0.6439999999999999,0.5,5
354,26.785066368217056,94.67146062790698,2,146,80,0.6954341085271318,0.8,127
355,26.79365,94.68938365853658,1,41,38,0.5741463414634146,0.5,38
356,26.81010075,94.694764625,2,13,6,0.7601249999999999,0.7,10
357,26.875683767808706,73.51535583531708,4,1135,358,1.1042480890798518,1.6,643
358,26.925938741496598,73.46863408163264,2,150,138,0.7885374149659865,0.6,140
359,27.034689999999998,69.71419777777777,3,9,4,0.6769444444444445,0.5,8
360,27.031183396226417,94.8904554716981,1,53,46,1.4175471698113207,0.7,46
361,27.080235357142858,73.81743571428572,1,84,80,0.9103571428571429,0.6,80
362,27.26550140827922,95.12457358089827,4,51,32,0.6714015151515151,0.7,45
363,27.260805,95.14867,1,2,2,0.515,0.2,2
364,27.31914610629977,95.26958894274246,6,541,274,1.0964603112642606,2.4,350
365,27.340273333333336,95.48133666666666,1,9,9,0.6233333333333333,0.4,9
366,27.368547071369974,94.895206804758,2,76,46,2.4725758818703856,0.9,62
367,27.375913065292096,95.08654734364261,3,298,253,0.7605578465063001,0.8,257
368,27.394068846153846,95.43501211538462,4,28,13,0.6592307692307692,0.7,25
369,27.302177,95.39504133333332,2,8,5,0.38866666666666666,0.4,8
370,27.46752847006138,95.42323152060378,3,987,579,1.1050766921697113,1.2,588
371,27.461189130976244,95.47545123169917,2,338,214,1.0446813680821334,1.0,248
372,27.51656117647059,76.6709094117647,1,17,17,0.8011764705882353,0.4,17
373,27.535063044871798,95.40016258741258,2,83,41,0.7331672494172494,0.8,79
374,27.55629840007303,96.03928278785297,2,645,433,0.848722005842259,1.0,433
375,27.605574949520232,95.40307206325615,3,653,309,1.1082746141009596,1.1,462
376,27.668172301219066,76.1329986194505,2,703,580,1.1186353711790393,1.1,582
377,27.825489464285717,73.22384364583334,4,33,23,1.1569047619047619,0.8,29
378,28.070362142857142,77.85782642857143,1,14,14,0.5664285714285714,0.4,14
379,28.119343333333333,76.79864555555555,1,36,35,0.8252777777777778,0.7,35
380,28.271794393939395,77.27462575757576,2,36,31,0.7972727272727274,0.6,34
381,28.347208297872342,77.23099234042553,1,47,40,0.7887234042553192,0.6,40
382,28.35208,77.26365333333334,2,22,17,0.8173809523809523,0.6,18
383,28.358863333333332,77.24299666666667,1,3,3,0.6900000000000001,0.3,3
384,28.623886249999998,77.4733525,2,9,8,0.64,1.3,9
385,28.728523902439026,77.15566646341463,2,44,38,0.8319918699186992,0.5,41
386,28.744288468335785,76.92672865652104,3,120,88,0.9485787923416789,1.3,103
387,28.744133896103897,76.95498391233767,4,22,11,0.9167532467532468,0.6,18
388,28.795744,77.069875,2,6,5,0.7190000000000001,0.3,6
389,28.79464881355932,77.14966754237287,2,61,54,1.0215677966101695,0.6,56
390,29.125108596848516,75.7762479131255,4,425,297,1.2576086008535907,1.1,384
391,29.45622416883117,76.8658468452381,4,256,152,3.2507186147186147,1.3,169
392,29.460210545454547,76.88942054545454,1,55,39,2.0069090909090908,1.0,39
393,29.475617592592595,76.85675162037036,3,28,15,2.6847685185185184,0.9,18
394,29.90966510909025,74.94987638438067,7,1276,433,6.581422012257172,2.9,445
395,30.85151,75.94658,1,1,1,0.51,0.0,1
396,30.8828495,75.9948725,2,14,10,0.5657500000000001,0.4,14
397,31.25603740734962,76.92622986760118,3,694,342,0.7392710690280198,1.8,545
398,31.328018338381487,76.8950555055918,2,227,116,0.7751161074867972,0.7,222
399,31.413439999999998,76.83575333333333,1,3,3,0.6766666666666667,0.2,3
400,8.86733,78.15561,1,1,1,2.42,0.0,1
401,9.977660640423032,76.37498587250295,2,120,73,1.663695652173913,0.9,113
