site,lat,lon,cluster,days_detected
10.81_79.3,10.81330625,79.30465625,0,8
10.81_79.31,10.812951111111111,79.30673422222222,0,128
10.82_79.31,10.815447142857144,79.30632095238096,0,21
10.88_77.27,10.880754,77.267458,1,4
10.92_77.06,10.922729444444444,77.06169027777779,2,34
10.93_77.06,10.929903333333334,77.06367773333332,2,73
10.93_77.07,10.929511999999999,77.06582325000001,2,39
11.17_79.09,11.174985,79.08800500000001,3,2
11.18_79.09,11.17670211111111,79.08825866666668,3,90
11.18_79.1,11.182343764705882,79.100338,3,78
11.19_79.1,11.18525,79.0995,3,1
11.31_79.8,11.30627,79.80476666666667,4,3
11.31_79.81,11.305561,79.80639099999999,4,10
11.3_79.8,11.30448,79.80387,4,1
11.3_79.81,11.303057272727273,79.80742818181818,4,32
11.81_77.91,11.81484,77.91486,5,1
11.81_77.92,11.810700864978903,77.92155335443039,5,356
11.81_77.93,11.809313571428572,77.92583880952381,5,40
11.82_77.91,11.81636625,77.91469000000001,5,8
11.82_77.92,11.816562588832488,77.91736456852792,5,353
12.81_77.43,12.80797,77.43362,6,1
12.85_79.9,12.851478461538461,79.90380499999999,7,20
12.85_79.91,12.851661666666667,79.90586666666667,7,11
12.86_79.9,12.855673333333334,79.90415666666667,7,3
12.86_79.91,12.855823125,79.906914375,7,14
12.97_79.91,12.96651,79.912795,8,4
12.97_79.92,12.966835,79.9161,8,2
13.08_79.98,13.081557586206896,79.98082517241379,9,24
13.09_79.98,13.08525,79.97984,9,1
13.0_74.85,13.003213888888888,74.85104444444444,10,15
13.16_80.28,13.160217566539924,80.28299490494297,11,225
13.16_80.29,13.160184179104478,80.28611843283582,11,127
13.29_80.34,13.291410833333334,80.34209777777778,12,33
13.29_80.35,13.29179,80.34502,12,1
13.39_80.1,13.392156486486487,80.10193162162163,13,36
13.42_80.09,13.420042564102564,80.08833538461538,14,34
13.55_77.01,13.554211612903226,77.01271225806451,15,31
13.56_77.01,13.555638235294118,77.01313176470589,15,17
13.71_79.62,13.714395999999999,79.624078,16,5
13.71_79.63,13.714149999999998,79.62536,16,3
13.72_79.62,13.716256999999999,79.62374600000001,16,10
13.72_79.63,13.716235,79.62569166666667,16,6
13.9_76.56,13.898477916666666,76.56405,17,24
13.9_76.57,13.898271,76.56592833333335,17,29
14.59_78.58,14.588063770491804,78.58064049180328,18,57
14.61_78.52,14.606081354166667,78.52252385416666,19,94
14.6_78.52,14.604604615384615,78.52235384615385,19,26
14.87_78.05,14.873060151515151,78.05242863636363,20,120
14.87_78.06,14.87305,78.055155,20,2
14.88_78.05,14.875707,78.052026,20,18
14.93_78.34,14.93036125,78.33993625,21,8
15.01_76.9,15.013144102564102,76.8986958974359,22,37
15.01_77.0,15.006125588235292,76.99938823529412,23,30
15.02_76.9,15.01539,76.897615,22,2
15.02_78.01,15.022820580357143,78.01324404017858,24,414
15.02_78.02,15.023016540880503,78.01582094339624,24,151
15.03_78.01,15.025055,78.01206,24,2
15.03_78.02,15.02513,78.01613,24,2
15.07_76.86,15.071906386554621,76.86440462184873,25,110
15.07_76.87,15.071111456692913,76.86623618110237,25,234
15.08_76.86,15.07521,76.86497,25,1
15.08_76.87,15.075356,76.865648,25,5
15.0_77.0,15.00419125,76.999034375,23,31
15.12_76.81,15.119013918918919,76.8111577027027,26,141
15.13_76.71,15.13467625,76.70905,27,8
15.14_76.71,15.137084014598539,76.70914666666667,27,369
15.15_76.71,15.150455619469026,76.71037758849558,27,385
15.16_76.38,15.16366448275862,76.38041379310346,28,25
15.17_76.37,15.172751428571429,76.37461964285714,28,27
15.17_76.38,15.171271301813471,76.37857629533679,28,872
15.17_76.65,15.174213116883116,76.65377012987013,29,221
15.17_76.66,15.173360214446951,76.65952020316027,29,582
15.17_76.67,15.16950568275862,76.66885197241379,29,424
15.17_76.68,15.172593155737705,76.68192901639344,29,200
15.17_76.69,15.171908961038962,76.68773207792208,29,72
15.17_76.78,15.173411428571429,76.78474285714286,30,7
15.17_76.79,15.17345741935484,76.78635903225806,30,93
15.17_77.1,15.174288823529412,77.10065470588235,31,17
15.18_76.37,15.17522,76.37451,28,1
15.18_76.38,15.175442833333333,76.37750533333333,28,58
15.18_76.63,15.18448,76.633675,29,2
15.18_76.64,15.183502185185183,76.64167803703704,29,211
15.18_76.65,15.178098469387756,76.65306704931973,29,792
15.18_76.66,15.177572524271843,76.65808810424119,29,1006
15.18_76.67,15.18007794871795,76.66888921568628,29,428
15.18_76.68,15.178420361445784,76.67809963855422,29,262
15.18_76.69,15.17505,76.69120000000001,29,2
15.18_76.78,15.17567,76.785,30,1
15.18_76.79,15.180005344827585,76.78900862068966,30,54
15.18_77.1,15.178683148648648,77.10294093243243,31,650
15.18_77.11,15.178723170731706,77.10538243902438,31,41
15.19_76.38,15.194659444444445,76.37921833333333,32,18
15.19_76.64,15.1858624,76.6406472,29,108
15.19_76.65,15.18720791044776,76.65316820895522,29,61
15.19_76.66,15.187509272151898,76.65794047468354,29,261
15.19_76.67,15.185756153846153,76.67302692307693,29,12
15.19_76.68,15.185708333333332,76.67610666666667,29,6
15.19_77.1,15.18668,77.10155333333334,31,3
15.22_76.76,15.224301034482759,76.76312672413793,33,54
15.22_76.77,15.22406,76.765595,33,8
15.23_76.76,15.22606956521739,76.76296032608695,33,88
15.23_76.77,15.226308947368421,76.76552052631578,33,19
15.2_76.38,15.196497142857144,76.37947107142857,32,81
15.31_76.25,15.311313750000002,76.25362041666666,34,23
15.31_76.26,15.314318571428572,76.25615142857143,34,7
15.32_76.23,15.322049999999999,76.23254,35,5
15.32_76.25,15.315965365853657,76.25382682926829,34,41
15.32_76.26,15.315769285714286,76.2554192857143,34,14
15.33_76.24,15.33132,76.2448,36,1
15.33_76.25,15.333186666666666,76.24694476190477,36,39
15.33_76.28,15.33344737704918,76.28443778688525,37,121
15.33_76.29,15.333421957186545,76.28629626911315,37,317
15.34_76.25,15.338320000000001,76.25008,36,3
15.34_76.27,15.338555,76.274515,37,11
15.34_76.28,15.33789066246057,76.278481829653,37,247
15.34_76.29,15.3354758,76.2859004,37,50
15.52_73.99,15.524501666666666,73.99437666666667,38,6
15.52_74.0,15.52334023529412,73.99747470588235,38,80
15.53_73.99,15.526834649681529,73.99274388535032,38,290
15.53_74.0,15.525347142857143,73.99654285714284,38,6
15.66_73.99,15.65850114873035,73.98886385731561,39,661
15.68_78.46,15.684211627906977,78.45781906976744,40,43
15.69_78.46,15.685516923076923,78.45773769230769,40,13
15.91_77.36,15.914366734693878,77.36273979591837,41,47
15.92_77.36,15.915962892561984,77.36285487603305,41,117
15.96_80.94,15.962863636363636,80.93847696969696,42,63
15.97_80.94,15.965605,80.93906000000001,42,2
16.36_81.28,16.360975,81.28329666666667,43,5
16.36_81.29,16.36155,81.28519,43,1
16.69_79.65,16.69473857142857,79.6489142857143,44,7
16.71_79.82,16.714368,79.818065,45,10
16.72_79.82,16.715545714285714,79.81812000000001,45,7
16.7_79.65,16.69620837209302,79.64911837209301,44,43
16.81_79.91,16.8102,79.91486,46,1
16.83_80.04,16.831826666666668,80.03688416666667,47,11
16.87_80.02,16.871642119205298,80.02192907284768,48,285
16.87_80.03,16.87128,80.02516,48,1
16.87_80.12,16.874814999999998,80.11975,49,2
16.88_80.12,16.876221875,80.12025,49,16
16.88_81.96,16.88399,81.95864,50,3
17.06_76.98,17.0628888,76.9788742117647,51,374
17.07_76.98,17.06546659574468,76.9784474468085,51,47
17.14_77.17,17.139762352941176,77.17456882352941,52,17
17.14_77.18,17.14071453125,77.1819437890625,52,222
17.14_77.19,17.14047552631579,77.185375,52,38
17.14_78.22,17.144446810344828,78.22320456896551,53,113
17.14_78.23,17.144249166666665,78.22542083333333,53,24
17.15_78.22,17.14642023391813,78.22318771929825,53,312
17.15_78.23,17.14648268656716,78.22548194029851,53,67
17.22_79.02,17.219893846153845,79.02366692307692,54,13
17.22_79.03,17.219955,79.025465,54,4
17.46_80.65,17.462886666666666,80.65325166666666,55,6
17.46_80.66,17.46301,80.65543,55,1
17.53_83.0,17.532578571428573,83.00020542857142,56,32
17.58_80.31,17.58287117647059,80.3140832352941,57,32
17.58_80.32,17.582995705128205,80.31715160256411,57,136
17.59_80.31,17.585288333333335,80.31459166666667,57,6
17.59_80.32,17.58547375,80.3181475,57,16
17.61_83.19,17.61304555555556,83.19149555555556,58,9
17.61_83.2,17.608302732426306,83.20255277210885,58,922
17.61_83.21,17.610262679999998,83.20574588000001,58,221
17.62_83.19,17.622803010752687,83.19393903225806,58,88
17.62_83.2,17.622740454545454,83.19582606060605,58,65
17.69_83.24,17.693337181818183,83.24205272727272,59,98
17.69_83.25,17.692932857142857,83.24577928571429,59,14
17.6_83.18,17.599813924050633,83.18296822784811,58,52
17.6_83.19,17.598827719298246,83.18979421052632,58,52
17.6_83.2,17.603747765486727,83.20113033185841,58,386
17.6_83.21,17.60362,83.20502,58,1
17.7_83.24,17.69594,83.24148666666666,59,17
17.7_83.25,17.695484,83.246034,59,5
17.81_78.43,17.80782090909091,78.43217060606061,60,31
17.95_80.76,17.95232469387755,80.7614406122449,61,28
17.95_80.77,17.952356,80.765366,61,4
17.95_80.8,17.954330833333334,80.7983,62,22
17.96_80.76,17.955620000000003,80.762755,61,2
17.96_80.78,17.95791375,80.78191000000001,63,8
17.96_80.8,17.95716681818182,80.800022,62,272
18.54_83.34,18.540766666666666,83.34354666666667,64,2
18.67_79.55,18.670597368421053,79.55374789473683,65,18
18.67_79.56,18.66987375,79.55648775,65,33
18.68_73.03,18.682790198675498,73.03230412251655,66,770
18.68_73.04,18.68246189041096,73.03842185753425,66,863
18.68_73.05,18.67890418604651,73.04567534883721,66,41
18.69_73.03,18.686238246268655,73.0308606840796,66,635
18.69_73.04,18.690360102941174,73.0401790245098,66,990
18.69_73.05,18.688333684210527,73.0503894736842,66,19
18.69_73.84,18.691925,73.840465,67,2
18.72_79.51,18.721073333333333,79.50658166666666,68,6
18.72_79.53,18.72194567346939,79.5342453877551,69,202
18.72_79.54,18.72143563809524,79.53699333333333,69,646
18.73_79.53,18.72740826923077,79.53334653846153,69,49
18.73_79.54,18.725731780821917,79.53644575342466,69,70
18.74_79.53,18.7369248,79.5315246,69,35
18.7_73.04,18.6955825,73.04005416666668,66,11
18.81_74.26,18.805580222222222,74.259456,70,43
18.85_72.93,18.854287454545453,72.92895636363636,71,48
18.86_72.92,18.857321219512194,72.92402658536585,71,38
18.86_72.93,18.857995264026403,72.92757057755776,71,358
18.8_74.26,18.803386666666665,74.25930623931625,70,103
19.01_72.9,19.013348163265306,72.90337795918367,72,39
19.01_72.91,19.012939294117647,72.90747629411764,72,120
19.02_72.89,19.020698857142857,72.89177828571428,72,30
19.02_72.9,19.01590285714286,72.90314500000001,72,13
19.02_72.91,19.015485,72.90740125,72,23
19.09_82.16,19.089301666666668,82.16317333333333,73,4
19.09_82.17,19.09282338235294,82.16941713235295,73,100
19.11_73.05,19.10625736842105,73.05242736842105,74,19
19.11_82.16,19.105884666666668,82.16364866666666,73,15
19.11_82.17,19.105812647058823,82.16700411764705,73,32
19.1_73.05,19.101781557142857,73.05249482857143,74,515
19.1_73.06,19.102629285714283,73.05529571428572,74,14
19.1_82.16,19.102524096385544,82.16396590361445,73,73
19.1_82.17,19.100633155680224,82.16778859747545,73,332
19.33_83.43,19.33232333333333,83.42978,75,2
19.71_79.22,19.7063,79.21588,76,1
19.72_79.17,19.722923076923077,79.17409107692308,77,124
19.72_79.18,19.723047368421053,79.175804,77,93
19.73_79.17,19.725195,79.17443,77,2
19.73_79.18,19.72548,79.17648,77,1
19.78_79.15,19.78475255319149,79.14763680851064,78,47
19.79_79.14,19.786393333333333,79.14468666666666,78,3
19.79_79.15,19.786820476190478,79.14767108374384,78,560
19.7_79.22,19.704291666666666,79.21711666666667,76,5
19.8_78.86,19.802231818181816,78.86448272727273,79,11
19.8_78.87,19.80213722222222,78.86601,79,17
19.92_79.11,19.921300088495578,79.11318801769912,80,510
19.92_79.12,19.921572741935485,79.11541064516129,80,62
19.93_73.71,19.93422083333333,73.71199333333333,81,11
19.93_79.12,19.930394,79.120136,80,5
19.94_73.71,19.93678193181818,73.71195113636364,81,79
19.96_79.33,19.962875300429186,79.33357922746781,82,393
19.96_79.34,19.96297722222222,79.33581555555556,82,204
19.97_79.33,19.96560875,79.33324160714287,82,55
19.97_79.34,19.965577777777778,79.33583666666667,82,18
20.12_79.02,20.124393846153847,79.02277923076923,83,13
20.12_79.03,20.118739574468087,79.03309085106383,83,86
20.12_79.04,20.11787,79.03540000000001,83,5
20.13_79.02,20.128015786163523,79.02292641509435,83,130
20.13_79.03,20.128698333333332,79.02568277777777,83,15
20.14_79.01,20.136996666666665,79.014185,83,6
20.14_79.02,20.136458,79.01642266666666,83,14
20.21_72.81,20.2105125,72.81137416666667,84,8
20.24_86.6,20.2427575,86.60288625,85,70
20.24_86.61,20.242466285714286,86.60751721428572,85,235
20.25_86.6,20.245493,86.60202100000001,85,10
20.25_86.61,20.245208333333334,86.60691000000001,85,5
20.26_86.6,20.257430377358492,86.60110283018868,85,46
20.35_72.95,20.354380000000003,72.94863333333333,86,3
20.36_72.95,20.35607375,72.9491,86,8
20.51_85.72,20.514260701754385,85.72414263157896,87,57
20.51_85.73,20.514050731707318,85.72582585365853,87,41
20.52_85.72,20.516873452380953,85.72384345238095,87,79
20.52_85.73,20.515643636363638,85.72569575757575,87,32
20.53_85.91,20.53395,85.91479,88,1
20.54_85.91,20.53529,85.91367,88,1
20.69_78.63,20.69482,78.63467,89,1
20.69_78.64,20.694622222222222,78.63840444444445,89,9
20.71_78.62,20.706162372881355,78.62182305084747,89,55
20.71_78.63,20.706833333333336,78.62534,89,3
20.76_85.29,20.760910540540543,85.29261785373609,90,434
20.76_85.3,20.760422398753892,85.29731934579439,90,216
20.77_85.29,20.76528,85.29489,90,1
20.78_85.25,20.78332142857143,85.25444,91,14
20.78_85.26,20.783897279102383,85.2605728050491,91,535
20.78_85.27,20.784008153846155,85.26671707692309,91,123
20.79_85.25,20.793100533491405,85.25296131001778,91,1058
20.79_85.26,20.788911577522004,85.26001789776574,91,1148
20.79_85.27,20.78727158061117,85.2667633719705,91,746
20.7_78.62,20.703160952380955,78.62156166666666,89,144
20.7_78.63,20.6980975,78.632805,89,12
20.7_78.64,20.696638947368424,78.63700457894737,89,181
20.81_85.25,20.807222033898306,85.25436809322034,91,210
20.81_85.26,20.807145708029196,85.25718981751824,91,962
20.82_86.96,20.822255454545456,86.96281454545455,92,19
20.82_86.97,20.820187999999998,86.966049,92,9
20.83_70.69,20.834137633928574,70.69281214285715,93,208
20.83_70.7,20.834231304347828,70.6954508695652,93,22
20.83_86.96,20.830269666666666,86.96209233333335,92,23
20.83_86.97,20.831163333333333,86.96562,92,3
20.84_70.69,20.83596095959596,70.69302909090909,93,181
20.84_70.7,20.83590825,70.69550525,93,40
20.84_86.96,20.83579,86.962875,92,2
20.86_79.24,20.86421,79.2435525,94,4
20.86_79.28,20.8573,79.2847,95,1
20.86_79.29,20.858947540983607,79.28838524590164,95,109
20.86_84.99,20.863917826086958,84.99256695652173,96,440
20.86_85.0,20.864010960451978,84.99636830508474,96,169
20.87_70.56,20.868345,70.564715,97,4
20.87_70.57,20.868234827586207,70.56585862068965,97,29
20.87_71.4,20.868606923076925,71.39726358974359,98,39
20.87_79.24,20.86507,79.24314,94,1
20.87_84.99,20.867515806709264,84.99184985623003,96,764
20.87_85.0,20.868011945945945,84.9962592972973,96,303
20.88_84.98,20.88382094117647,84.98203454117646,96,351
20.88_84.99,20.87806769230769,84.98888923076923,96,13
20.89_84.97,20.89087,84.97482,96,1
20.89_84.98,20.887790605794557,84.98140698858649,96,674
20.89_84.99,20.886808695652174,84.98704869565218,96,21
20.8_85.25,20.79644679337232,85.2529788791423,91,750
20.8_85.26,20.799467219787104,85.25761394489669,91,882
20.91_71.46,20.910187796762592,71.45935697841726,99,889
20.92_86.04,20.923224166666667,86.042855,100,70
20.93_86.04,20.92546,86.04226,100,2
20.94_85.0,20.944364999999998,85.00452,101,2
20.94_85.01,20.943999,85.009077,101,10
20.94_86.05,20.9431045814978,86.0541955506608,102,218
20.94_86.06,20.942130898321818,86.05846310957551,102,667
20.95_85.0,20.951843,85.004357,101,9
20.95_85.01,20.952011099744244,85.009585370844,101,265
20.95_85.02,20.954297857142855,85.01540071428572,101,14
20.95_85.14,20.95474,85.14452,103,1
20.95_85.15,20.95468333333333,85.14675666666666,103,3
20.95_86.04,20.951421818181817,86.04451454545455,102,10
20.95_86.05,20.95114055586437,86.04862914952751,102,996
20.95_86.06,20.945520425531917,86.05628595744682,102,45
20.96_85.0,20.95627,85.00469749999999,101,4
20.96_85.01,20.956699221789883,85.0107792996109,101,214
20.96_85.02,20.958244821428572,85.01598160714286,101,47
20.96_85.12,20.9606425,85.1247,103,4
20.96_85.13,20.96158793103448,85.12729448275861,103,28
20.96_85.14,20.957867053571427,85.14358455357142,103,216
20.96_85.15,20.96165820866142,85.15172192913387,103,390
20.96_85.16,20.962146445652174,85.158681,103,591
20.96_85.17,20.96246826621339,85.17126134675732,103,1223
20.96_85.18,20.961779187311176,85.17923500906345,103,1001
20.96_85.19,20.962164126637553,85.18817073508006,103,768
20.96_85.2,20.96288,85.19575,103,1
20.96_86.0,20.963194836601307,86.00420437908497,104,141
20.96_86.01,20.96322783082077,86.00884783919598,104,684
20.96_86.02,20.963852727272727,86.01615318181818,104,21
20.96_86.05,20.96334611872146,86.05045771689498,102,190
20.97_85.02,20.968991000000003,85.0208528,101,38
20.97_85.03,20.96969358974359,85.02656076923077,101,37
20.97_85.12,20.97298347826087,85.12386782608696,103,21
20.97_85.13,20.9725924537037,85.1326562962963,103,195
20.97_85.14,20.972540457142856,85.13815137142858,103,277
20.97_85.15,20.96819745192308,85.1520173076923,103,468
20.97_85.16,20.96761224111283,85.16003525502319,103,438
20.97_85.17,20.96923514508329,85.17038835572274,103,1192
20.97_85.18,20.96871159090909,85.17719688087774,103,737
20.97_85.19,20.96557,85.18951019047618,103,98
20.97_86.0,20.971346064572426,86.00302264397907,104,771
20.97_86.01,20.968221694537345,86.0109593199554,104,908
20.97_86.02,20.96843501305483,86.01666347258485,104,318
20.97_86.05,20.96563975609756,86.05002170731707,102,38
20.98_85.12,20.98324,85.12495,103,1
20.98_85.13,20.978682677484787,85.13191710953346,103,560
20.98_85.14,20.9782194044665,85.13830107526883,103,660
20.98_85.15,20.977945385416668,85.1470498125,103,707
20.98_85.16,20.976168095238094,85.16453666666666,103,21
20.98_85.17,20.97621192037471,85.16887761124121,103,355
20.98_85.18,20.97549,85.175225,103,2
20.98_86.0,20.975881940298507,86.00437597014925,104,65
20.98_86.01,20.97584282722513,86.00634000000001,104,181
20.99_85.13,20.986061222222222,85.1287588888889,103,75
20.99_85.14,20.985226666666666,85.13709999999999,103,6
20.99_86.01,20.99451,86.01335407407407,105,27
20.99_86.02,20.994381666666666,86.0159,105,6
21.06_85.03,21.06493,85.03486,106,1
21.06_85.04,21.06482,85.03864,106,1
21.07_85.03,21.07200948979592,85.03423857142856,106,87
21.07_85.04,21.072926771653545,85.04066030371203,106,630
21.07_85.05,21.07429527777778,85.0454113888889,106,36
21.08_85.03,21.07870249435666,85.03338021444695,106,642
21.08_85.04,21.078153528230867,85.03971003011291,106,1172
21.08_85.05,21.07690278409091,85.04547085227273,106,159
21.09_72.65,21.09233770642202,72.65285036697247,107,82
21.09_72.66,21.0912,72.65593,107,1
21.0_86.01,20.997927999999998,86.01260752173914,105,166
21.0_86.02,20.9980312,86.0184236,105,81
21.0_86.03,21.000489125,86.026343,105,70
21.11_72.63,21.10853727482679,72.63174076597383,107,989
21.11_72.64,21.108200310928215,72.6402266438043,107,1088
21.11_72.65,21.106924621276594,72.64705070638298,107,1288
21.15_72.73,21.153014499999998,72.73376316666666,108,57
21.15_72.74,21.152937495183046,72.73818857418112,108,350
21.16_72.73,21.15598303030303,72.73360424242424,108,31
21.16_72.74,21.155742147239263,72.73811386503068,108,126
21.18_81.37,21.17941,81.3745,109,1
21.18_81.38,21.181837282608697,81.38164992753623,109,241
21.18_81.39,21.178654555555553,81.38712466666667,109,86
21.19_81.2,21.190139659090907,81.19895727272727,110,87
21.19_81.21,21.188818333333334,81.20992833333334,110,6
21.19_81.38,21.18528125,81.382075,109,8
21.19_81.39,21.189416717123933,81.39106190160832,109,716
21.19_81.4,21.19399775,81.39679325,109,38
21.19_81.41,21.19341638095238,81.41412628571427,111,98
21.19_81.42,21.193471195121948,81.4171637317073,111,323
21.1_72.63,21.102604418960244,72.63329749235474,107,482
21.1_72.64,21.102913510583377,72.63909119256583,107,922
21.1_72.65,21.103414789644013,72.64760368932039,107,993
21.1_72.66,21.0962125,72.65621250000001,107,4
21.23_79.63,21.233116866267466,79.62973399201597,112,425
21.24_79.22,21.24409319018405,79.22328239263804,113,155
21.24_79.23,21.242520975609757,79.22880951219513,113,77
21.24_79.24,21.2396,79.23547,113,3
21.24_79.63,21.235483898305084,79.63059338983051,112,56
21.24_81.38,21.239736999999998,81.384713,114,9
21.24_81.39,21.2393316,81.3864104,114,73
21.24_81.77,21.244369523809524,81.77060666666667,115,19
21.25_79.22,21.246757585551332,79.22301847908744,113,436
21.25_79.23,21.24652212598425,79.22566748031497,113,124
21.25_81.77,21.2459342,81.770337,115,50
21.26_79.18,21.26479,79.18113,116,1
21.27_79.18,21.268025806451615,79.18121290322581,116,29
21.2_81.39,21.1960665,81.39287325000001,109,38
21.2_81.4,21.19708603773585,81.3974203773585,109,93
21.2_81.41,21.19660318181818,81.41394761363637,111,80
21.2_81.42,21.19659743315508,81.41712764705882,111,306
21.31_81.58,21.307074999999998,81.584625,117,2
21.31_81.59,21.310021312883435,81.5910089202454,117,701
21.32_81.58,21.3242475,81.5786875,118,8
21.33_81.58,21.325746000000002,81.578646,118,5
21.34_81.66,21.344327272727273,81.66412159090909,119,44
21.34_81.67,21.342595566037737,81.6701284591195,119,263
21.35_81.66,21.34739894514768,81.66397801687764,119,209
21.35_81.67,21.347122414965988,81.66622887755102,119,263
21.36_81.64,21.36432,81.64455086956522,120,23
21.36_81.65,21.363673092783507,81.65058103092784,120,231
21.36_81.66,21.36362,81.65534,120,1
21.36_81.67,21.36211,81.67405000000001,121,3
21.36_81.68,21.364375229357798,81.67840931192661,121,199
21.36_81.69,21.364328333333333,81.68538833333334,121,6
21.37_81.64,21.372531441860463,81.64170144186048,120,183
21.37_81.65,21.36589310679612,81.64963058252427,120,102
21.37_81.66,21.365524999999998,81.65515500000001,120,2
21.37_81.68,21.36964861253854,81.6798552004111,121,679
21.37_81.69,21.37146230769231,81.68585253846155,121,128
21.38_81.64,21.376856422764227,81.64115787601627,120,731
21.38_81.65,21.378748588235293,81.64824423529411,120,80
21.38_81.66,21.38241400921659,81.65655497695853,120,205
21.38_81.68,21.377431963315217,81.68063223505435,121,1002
21.38_81.69,21.37526,81.68566,121,1
21.39_81.64,21.389523223140497,81.64442388429752,120,115
21.39_81.65,21.389524660766963,81.64685849557522,120,830
21.39_81.66,21.38565,81.6572525,120,4
21.3_81.6,21.298896274509804,81.60467235294117,122,51
21.3_81.61,21.298809784688995,81.60720392344498,122,348
21.3_81.62,21.29748727272727,81.61582363636363,122,11
21.43_72.98,21.43255,72.97690733333334,123,14
21.48_81.77,21.484601463414634,81.76886731707317,124,76
21.49_81.76,21.487265,81.76395500000001,124,2
21.49_81.77,21.48706809656453,81.76892092850511,124,848
21.53_86.83,21.531221641791046,86.83301880597014,125,63
21.54_81.95,21.543278479532162,81.94743245614035,126,159
21.55_81.75,21.5549,81.74908,127,1
21.55_81.95,21.545399200000002,81.94741760000001,126,25
21.56_81.75,21.556933870967743,81.74933580645161,127,29
21.57_82.02,21.5747675,82.02379,128,8
21.58_82.02,21.576815243445694,82.02277561797753,128,256
21.58_82.03,21.57663,82.02511000000001,128,5
21.5_81.78,21.497177241379312,81.78297965517243,129,28
21.63_82.11,21.63088864864865,82.11226189189189,130,37
21.67_82.08,21.672614363277393,82.08138620927936,131,789
21.67_82.09,21.673715,82.0851625,131,4
21.67_84.04,21.673375833333335,84.040974375,132,90
21.68_82.08,21.67541482142857,82.08086625,131,52
21.68_82.09,21.67537,82.0862,131,1
21.68_84.03,21.67877888888889,84.03422972222222,132,30
21.68_84.04,21.679486057101553,84.03928252620166,132,1169
21.68_84.05,21.6833,84.04625,132,1
21.68_85.44,21.68479,85.436755,133,2
21.69_72.6,21.6932348,72.6030266,134,42
21.69_72.61,21.6931156097561,72.6062643902439,134,36
21.71_84.04,21.71411975609756,84.04127219512195,135,41
21.72_84.04,21.715372222222225,84.04097888888889,135,9
21.73_82.21,21.730862302839117,82.21376731861199,136,299
21.73_82.22,21.73102375,82.21575217105264,136,144
21.73_83.84,21.734104347826086,83.84325391304347,137,21
21.73_83.98,21.733340892857143,83.98090526785714,138,104
21.73_83.99,21.731659491525424,83.98677288135593,138,57
21.74_83.82,21.743407692307695,83.82069,139,22
21.74_83.84,21.73924806818182,83.84130056818182,137,72
21.74_83.85,21.73706,83.84693,137,1
21.74_83.98,21.73546,83.9803506060606,138,32
21.75_83.82,21.749314090909092,83.81827681818181,139,17
21.75_83.84,21.75236240601504,83.84117471177944,137,350
21.75_84.02,21.75386687898089,84.02335097664545,140,413
21.75_84.03,21.75392346368715,84.02581290502793,140,173
21.76_83.82,21.76494,83.81892,141,1
21.76_83.84,21.759066837387966,83.84249481434058,137,785
21.76_83.85,21.760204326923077,83.84652214743589,137,270
21.76_84.01,21.76445,84.01474999999999,140,2
21.76_84.02,21.760546546275396,84.02139819413092,140,1085
21.76_84.03,21.7584804,84.02586422222222,140,375
21.76_85.58,21.7642475,85.57937,142,20
21.77_83.82,21.770971489361703,83.82239723404255,141,39
21.77_83.83,21.77347783018868,83.8286733018868,141,85
21.77_83.84,21.77453375,83.83624625,141,8
21.77_84.01,21.767486666666667,84.01479499999999,140,6
21.77_84.02,21.76811615655853,84.01994118829337,140,1136
21.77_84.03,21.7668995,84.02603404999999,140,190
21.77_85.58,21.765499285714288,85.57976857142856,142,14
21.78_83.82,21.77577666666667,83.82415,141,3
21.78_83.83,21.77806727668845,83.83131167755991,141,288
21.78_83.84,21.779743781512604,83.83658159663865,141,99
21.79_72.64,21.79405,72.6445,143,2
21.79_72.65,21.793648684210524,72.64780236842105,143,37
21.79_83.88,21.793668490566034,83.88409396226415,144,51
21.79_83.89,21.79108362745098,83.8867443137255,144,86
21.79_83.99,21.79415453488372,83.98921081395349,145,85
21.7_72.6,21.695961666666665,72.60335125,134,22
21.7_72.61,21.696068571428572,72.60707857142857,134,15
21.7_84.03,21.69815880952381,84.03203023809523,146,40
21.7_84.04,21.6959,84.03584,146,1
21.81_83.88,21.805452857142857,83.88400714285714,144,7
21.81_83.89,21.805521,83.886823,144,10
21.82_83.89,21.82081857142857,83.89371523809524,147,19
21.82_83.9,21.82040692307692,83.89616576923078,147,25
21.82_83.99,21.81845714285714,83.99399967032967,148,85
21.82_84.0,21.8205064,83.9963098,148,84
21.85_84.93,21.847400000000004,84.92607333333333,149,3
21.86_83.96,21.85842888888889,83.96465888888889,150,9
21.86_83.97,21.85904175531915,83.96683574468085,150,174
21.87_83.49,21.87468693877551,83.49411755102041,151,49
21.87_83.5,21.874588839285714,83.49629955357143,151,111
21.88_83.49,21.876334980392155,83.49422729411765,151,247
21.88_83.5,21.876608167053362,83.49627218097447,151,407
21.88_83.54,21.878590000000003,83.54491,152,2
21.88_83.55,21.878510366197183,83.55280808450703,152,589
21.88_83.56,21.878418031809144,83.55602952286281,152,462
21.89_82.05,21.8876535,82.05300183333334,153,59
21.89_83.55,21.88665307692308,83.55191461538462,152,13
21.8_72.64,21.7954,72.64471,143,1
21.8_72.65,21.795807826086957,72.64777826086956,143,20
21.8_83.88,21.79825214285714,83.88389696428571,144,56
21.8_83.89,21.800121923076922,83.88650438461538,144,118
21.8_83.99,21.79576156626506,83.98902240963855,145,80
21.8_85.56,21.80312,85.56493,154,1
21.8_85.57,21.80076,85.56627666666667,154,6
21.91_72.68,21.90994,72.68173,155,1
21.91_72.75,21.906929444444444,72.75397777777778,156,17
21.91_72.76,21.906346199999998,72.7569832,156,45
21.91_83.35,21.914546829268293,83.3535956097561,157,41
21.91_83.36,21.91442,83.3552425,157,4
21.92_83.33,21.92441,83.334705,157,2
21.92_83.34,21.924155053380783,83.33977955516013,157,456
21.92_83.35,21.921059502671596,83.35081950678175,157,1289
21.92_83.36,21.919543363636365,83.35565463636362,157,92
21.92_85.22,21.92426548387097,85.22285935483872,158,26
21.93_83.33,21.92621625,83.33488249999999,157,8
21.93_83.34,21.92732855967078,83.33871977366256,157,371
21.93_83.35,21.926527157894736,83.34946347368421,157,168
21.93_83.36,21.92607,83.35593,157,1
21.93_85.22,21.930249994815966,85.22097669777087,158,1043
21.93_85.23,21.93012818181818,85.22551,158,11
21.94_83.5,21.94276,83.49826,159,1
21.97_85.31,21.968505224586288,85.31340283687943,160,384
21.97_85.32,21.96830368421053,85.31550561403509,160,109
21.98_83.23,21.98373189081225,83.23237671105193,161,655
21.98_83.24,21.980605496183205,83.23921938931298,161,120
21.99_83.23,21.98603976277372,83.2325624270073,161,499
21.99_83.24,21.985923461538462,83.23541653846154,161,26
21.99_83.36,21.98563,83.36494,162,1
21.99_83.37,21.98726,83.36617,162,1
21.99_85.32,21.991455625,85.32460921875,163,64
21.99_85.33,21.99070983766234,85.32661253246754,163,294
21.9_72.75,21.90413571428571,72.75411714285714,156,7
21.9_72.76,21.904204444444442,72.75708944444445,156,18
22.01_82.67,22.00612522133939,82.6704543246311,164,669
22.01_82.68,22.005793333333333,82.67514,164,3
22.01_83.33,22.008154074074074,83.32885296296297,165,26
22.02_83.38,22.02207109375,83.3795898263889,166,517
22.02_83.75,22.01786,83.75328333333333,167,3
22.03_83.35,22.033972727272726,83.35358863636363,168,21
22.03_83.36,22.03261552927928,83.36169209459459,168,577
22.03_83.37,22.03077241635688,83.36616442379183,168,247
22.03_83.73,22.034345833333333,83.73113833333333,169,12
22.03_83.74,22.032384864130435,83.74347616847827,169,302
22.03_83.75,22.032891028571427,83.74590371428572,169,156
22.04_83.35,22.038304237288134,83.35186328197227,168,795
22.04_83.36,22.036246470588235,83.35877988235295,168,82
22.04_83.72,22.041991666666664,83.72449,169,5
22.04_83.73,22.041691652747254,83.73170894505495,169,598
22.04_83.74,22.040704465376784,83.7382383299389,169,860
22.04_83.75,22.0364345,83.745867375,169,74
22.05_83.72,22.051569999999998,83.72485333333333,169,3
22.05_83.73,22.046887311320756,83.73112103773585,169,306
22.05_83.74,22.045703125,83.73703958333333,169,80
22.05_85.46,22.053638829787236,85.4638964893617,170,274
22.05_85.47,22.0536616,85.46603763636362,170,267
22.05_88.1,22.050626315789472,88.10247319298246,171,211
22.05_88.11,22.050479814814818,88.10614055555556,171,50
22.05_88.12,22.05303374340949,88.1232534797891,171,832
22.05_88.13,22.053125711086224,88.12640594624861,171,704
22.06_83.72,22.058162885572138,83.72341184079602,169,460
22.06_83.73,22.0575080861244,83.72644820574163,169,331
22.06_85.46,22.055693333333334,85.4639535042735,170,116
22.06_85.47,22.05555201923077,85.46602,170,103
22.06_88.11,22.059064457831326,88.11311060240963,171,80
22.06_88.12,22.05850633762518,88.12265864091559,171,515
22.06_88.13,22.05641919395466,88.12635551637278,171,337
22.07_83.7,22.066774666666667,83.70354266666666,172,14
22.07_83.71,22.066651333333333,83.70584266666667,172,15
22.07_88.12,22.066046814814815,88.12112377777778,171,113
22.07_88.13,22.066068,88.125432,171,5
22.08_84.86,22.0833426,84.86192360000001,173,46
22.09_84.86,22.0851,84.86138,173,1
22.09_88.11,22.088485,88.1113505,174,35
22.0_82.67,22.003440195058516,82.66962522106631,164,988
22.11_83.12,22.10614024154589,83.12098280193237,175,178
22.11_83.13,22.106536666666667,83.12567333333334,175,3
22.11_83.52,22.10689924170616,83.5237744549763,176,168
22.11_83.53,22.10709175141243,83.5262072881356,176,151
22.11_83.54,22.114116250000002,83.5428375,177,7
22.13_72.76,22.1291565,72.7639905,178,20
22.13_72.77,22.12902928571429,72.76614964285714,178,27
22.13_85.38,22.13311390909091,85.38258479545455,179,407
22.13_85.41,22.131298333333334,85.41478833333333,180,6
22.13_85.42,22.131242750000002,85.41749045,180,181
22.14_85.38,22.135652,85.38251399999999,179,24
22.14_85.41,22.137554,85.414378,180,5
22.14_85.42,22.136844,85.416206,180,5
22.17_85.43,22.167932,85.434637,181,10
22.17_85.44,22.16791156626506,85.43640759036145,181,81
22.1_83.12,22.10343968838527,83.11953050991501,175,257
22.1_83.13,22.10376,83.12534,175,1
22.1_83.52,22.10413,83.52366568965518,176,55
22.1_83.53,22.104275476190477,83.52605928571428,176,41
22.1_84.37,22.098876818181818,84.3747009090909,182,22
22.1_84.38,22.098769130434786,84.37638773913042,182,112
22.21_84.84,22.212165811138014,84.84186322033898,183,316
22.21_84.85,22.20818517890772,84.84801911487759,183,400
22.21_84.86,22.210249978296254,84.86189100379816,183,912
22.21_84.87,22.211894217736123,84.8693679596251,183,727
22.21_84.88,22.21097637813212,84.87748141230068,183,339
22.22_84.7,22.221625,84.69662100000001,184,10
22.22_84.75,22.22198212121212,84.75263993939394,185,377
22.22_84.76,22.22115475265018,84.75781201413427,185,462
22.22_84.84,22.2153665,84.84112,183,20
22.22_84.86,22.215318888888888,84.86341555555556,183,9
22.22_84.87,22.215629612403102,84.86905100775193,183,115
22.22_84.88,22.216685675675677,84.87769297297297,183,35
22.23_84.75,22.22619155844156,84.75232318181818,185,138
22.23_84.76,22.226390000000002,84.758336,185,9
22.24_87.39,22.24353859375,87.38893656249999,186,281
22.25_87.39,22.246200354330707,87.38868637795277,186,225
22.26_75.13,22.263995798969074,75.13273871134021,187,360
22.26_75.14,22.264118333333336,75.1359530952381,187,42
22.27_75.13,22.266073827493262,75.13266164420484,187,335
22.27_75.14,22.2659943902439,75.13563121951219,187,41
22.2_84.58,22.201970071428573,84.57775778571428,188,137
22.2_84.85,22.203562758620688,84.84825103448276,183,81
22.31_82.51,22.31441666666667,82.51480666666667,189,3
22.31_82.52,22.31371878172589,82.52178796954315,189,171
22.31_82.53,22.313192321839082,82.52983344827587,189,295
22.31_82.54,22.3144752,82.5354976,189,25
22.31_82.56,22.3141675,82.55973,189,4
22.31_82.74,22.31379642857143,82.73909714285715,190,14
22.31_84.77,22.313840727272726,84.76767372727274,191,110
22.32_69.88,22.32271666666667,69.88087333333333,192,3
22.32_82.51,22.31828,82.51437555555556,189,9
22.32_82.52,22.31714921875,82.520399296875,189,113
22.32_82.53,22.316670612813372,82.53256860724234,189,312
22.32_82.54,22.320473658536585,82.53795735191638,189,238
22.32_82.55,22.32422888888889,82.54768666666666,189,9
22.32_82.56,22.320719968051115,82.56206118210862,189,202
22.32_82.57,22.32158683544304,82.56620886075949,189,66
22.32_82.59,22.32257158730159,82.5909238095238,193,104
22.32_82.6,22.322846451612904,82.59830569892473,193,76
22.32_82.65,22.323242,82.65477200000001,194,5
22.32_82.66,22.3232868627451,82.65968232492997,194,226
22.32_82.67,22.32426306122449,82.6719906122449,194,44
22.32_82.68,22.324398074074075,82.67962518518519,194,120
22.32_82.69,22.32420951219512,82.68604756097561,194,37
22.32_82.73,22.31767285714286,82.73446857142856,190,7
22.32_82.74,22.31798666666667,82.73682719298245,190,55
22.32_84.77,22.3154153125,84.7676328125,191,32
22.33_69.73,22.332805,69.73428000000001,195,4
22.33_69.74,22.331443636363637,69.73677136363636,195,18
22.33_69.75,22.330440160000002,69.7495332,195,121
22.33_69.85,22.33487,69.85265,196,1
22.33_69.87,22.33458261904762,69.86804,196,41
22.33_82.52,22.32645,82.52143,189,4
22.33_82.53,22.330624262820514,82.53264663461539,189,299
22.33_82.54,22.330145529411766,82.54025188235293,189,126
22.33_82.55,22.326339333333333,82.54809066666667,189,15
22.33_82.56,22.32553,82.56149333333333,189,7
22.33_82.57,22.32907916666667,82.57176625,189,24
22.33_82.58,22.332905,82.575225,189,2
22.33_82.59,22.325892195121952,82.59006097560976,193,33
22.33_82.6,22.32996407327586,82.60301047413793,193,354
22.33_82.61,22.331395662650603,82.60624378313253,193,369
22.33_82.62,22.333684918032784,82.61913327868852,193,56
22.33_82.63,22.33351,82.625485,193,2
22.33_82.65,22.330887330895795,82.65263031078611,194,328
22.33_82.66,22.329701210191082,82.65885670912951,194,499
22.33_82.67,22.326694705882353,82.67315911764706,194,65
22.33_82.68,22.326543975308642,82.68064419753087,194,290
22.33_82.69,22.32681675531915,82.68616813829787,194,172
22.34_69.85,22.339215033557046,69.85405523489933,196,140
22.34_69.86,22.339204429530202,69.85615362416108,196,140
22.34_69.87,22.336319289617485,69.86779448087431,196,176
22.34_69.88,22.343525,69.88039166666667,197,6
22.34_82.54,22.335135,82.54022499999999,189,2
22.34_82.62,22.336843,82.6222653,193,75
22.34_82.63,22.336934,82.6254,193,5
22.34_82.64,22.34027,82.6447,194,2
22.34_82.65,22.336877627118646,82.6519213559322,194,106
22.34_82.66,22.337122553956835,82.65857895683453,194,143
22.34_82.67,22.33675583333333,82.66612166666667,194,11
22.35_82.29,22.353385365853658,82.29323983739837,198,96
22.35_82.3,22.353957948717948,82.29974128205129,198,68
22.35_82.31,22.353993333333335,82.30589416666666,198,12
22.36_73.11,22.364066363636365,73.1133534090909,199,38
22.36_73.12,22.36412115789474,73.11712284210526,199,92
22.36_82.29,22.355771458333333,82.293333125,198,45
22.36_82.3,22.35858642984014,82.3024993428064,198,239
22.36_82.31,22.357570325203252,82.30587016260164,198,104
22.36_87.01,22.363263863636362,87.014335,200,43
22.36_87.02,22.362870900163667,87.0178614729951,200,825
22.36_87.29,22.358126424870466,87.2896917789292,201,513
22.36_87.3,22.36377401844532,87.30080151515152,201,556
22.36_87.31,22.36159,87.30563,201,1
22.37_73.11,22.36607048192771,73.11348855421686,199,74
22.37_73.12,22.365976698113208,73.11761820754717,199,99
22.37_87.01,22.366738961038962,87.01431285714285,200,71
22.37_87.02,22.36670975174554,87.01767371605897,200,915
22.37_87.28,22.374441029411766,87.2797194117647,202,62
22.37_87.3,22.36741539325843,87.30030437541308,201,724
22.37_87.31,22.3666925,87.30508499999999,201,4
22.38_87.27,22.37798,87.2743459375,202,32
22.38_87.28,22.377865331790122,87.2798538888889,202,1185
22.38_87.29,22.379854367816094,87.28914034482759,202,83
22.39_85.77,22.391420434782606,85.77096826086957,203,44
22.39_87.28,22.3877175,87.284865,202,4
22.39_87.29,22.387543636363635,87.28571727272727,202,11
22.41_69.04,22.4143538,69.03912030000001,204,94
22.42_69.04,22.41714182361734,69.03959321375187,204,464
22.4_69.02,22.400985284552846,69.0192725203252,205,123
22.59_85.9,22.590953862815883,85.90392861612516,206,631
22.59_85.91,22.590335373317014,85.90615458996328,206,611
22.63_75.57,22.629150714285714,75.56878642857143,207,42
22.63_86.18,22.631042716049382,86.17838259259258,208,78
22.6_85.9,22.595256,85.904124,206,5
22.6_85.91,22.59519,85.906195,206,2
22.76_77.66,22.761210000000002,77.65708666666667,209,3
22.78_86.13,22.777675,86.12534,210,4
22.78_86.2,22.783663063063063,86.20298601351351,211,358
22.78_86.21,22.783995731707318,86.20631,211,147
22.79_70.92,22.7913015,70.917672,212,18
22.79_86.19,22.791425210084032,86.19400529411764,211,207
22.79_86.2,22.789101785840085,86.19988016555125,211,1117
22.79_86.21,22.78991361757106,86.20829150387596,211,978
22.81_86.08,22.811974594594595,86.08360702702703,213,70
22.81_86.09,22.809957230392158,86.08809365196079,213,355
22.82_86.08,22.81620117647059,86.08447117647059,213,16
22.82_86.09,22.81708982142857,86.08682428571429,213,54
22.85_86.05,22.854803333333336,86.05469999999998,214,3
22.85_86.06,22.854732857142857,86.05649357142856,214,14
22.86_86.05,22.856926585365855,86.05468402439024,214,79
22.86_86.06,22.857159044481055,86.05674052718287,214,543
22.87_86.06,22.873353528591352,86.06239861924686,215,592
22.87_86.07,22.87349181818182,86.0655240909091,215,20
22.87_88.21,22.872515,88.21334875,216,8
22.88_86.06,22.875836124567474,86.06232429065743,215,258
22.88_86.07,22.87581,86.06574499999999,215,8
22.8_86.09,22.80026083294771,86.09020724201758,213,1120
22.8_86.19,22.7961,86.19425692307692,211,13
22.8_86.2,22.797461067615657,86.20130263345196,211,584
22.8_86.21,22.797438787148597,86.20740136546185,211,722
22.91_69.69,22.90707,69.69494,217,1
22.91_69.7,22.90827025236593,69.6997702208202,217,275
22.91_69.87,22.90683,69.87265,218,1
22.91_86.07,22.91142287671233,86.0726205479452,219,70
22.91_86.08,22.911,86.07506,219,1
22.92_69.82,22.924754,69.82290933333334,220,15
22.92_69.83,22.9247,69.82540999999999,220,6
22.93_69.7,22.93207288990826,69.70035417431193,221,173
22.93_69.82,22.926528215384618,69.82335098461537,220,316
22.93_69.83,22.9262938028169,69.82555830985915,220,70
22.94_69.69,22.9375855,69.694773,221,20
22.94_69.7,22.937686575342465,69.69774453767124,221,468
22.96_86.0,22.96297866071429,85.99801526785714,222,111
22.97_72.55,22.968828,72.55321,223,5
22.97_72.56,22.968315,72.555665,223,2
22.97_86.0,22.965130000000002,85.997625,222,2
22.98_72.56,22.978118271604938,72.56393,223,70
22.98_72.57,22.97809298245614,72.56644824561404,223,96
22.99_72.59,22.988246376811595,72.58793652173912,224,64
22.9_69.7,22.90454,69.7002,217,1
23.01_70.1,23.013513273942095,70.10285579064589,225,400
23.01_70.11,23.013933750000003,70.10534541666667,225,24
23.02_70.1,23.01571014184397,70.10277957446809,225,135
23.02_70.11,23.015638181818183,70.10537454545455,225,11
23.03_86.16,23.030683333333332,86.16086666666666,226,3
23.11_70.08,23.113664444444442,70.0844288888889,227,18
23.11_70.09,23.113432738095238,70.08655345238095,227,81
23.11_70.18,23.10682,70.18384,228,1
23.11_70.19,23.10593972972973,70.18817490990992,228,215
23.12_70.08,23.11982095238095,70.08370035714286,227,64
23.12_70.09,23.120182133333333,70.0864876,227,67
23.16_82.33,23.163458598726116,82.3335641401274,229,128
23.16_82.34,23.163836063829788,82.33891306990881,229,354
23.16_82.35,23.16486,82.34531,229,1
23.17_70.22,23.170646875,70.2179440625,230,32
23.17_82.33,23.166961058201057,82.33379894179895,229,141
23.17_82.34,23.167703274070025,82.34096489606127,229,1236
23.17_82.35,23.168748203592813,82.3455483233533,229,150
23.18_82.34,23.176405,82.34242868421053,229,34
23.18_82.35,23.176097499999997,82.3453325,229,4
23.1_70.18,23.103949999999998,70.184275,228,2
23.1_70.19,23.104157213114753,70.1880137704918,228,174
23.25_70.25,23.25462558139535,70.25206744186048,231,43
23.26_70.25,23.25999905882353,70.25149992647059,231,520
23.26_70.26,23.26124191860465,70.26064877906977,231,162
23.26_70.27,23.257345,70.26581,231,2
23.26_70.28,23.264433333333333,70.28192,232,3
23.27_70.25,23.265372,70.250588,231,10
23.27_70.26,23.266530793650794,70.2586808994709,231,171
23.27_70.28,23.267397272727273,70.28151727272727,232,72
23.31_70.2,23.31359762886598,70.19974711340205,233,94
23.31_70.48,23.306527755102042,70.47770612244898,234,48
23.31_70.49,23.314307323232324,70.48708686868687,234,197
23.32_70.2,23.315524999999997,70.19983,233,6
23.32_70.21,23.32495,70.21381,235,1
23.32_70.48,23.31556777777778,70.48471,234,9
23.32_70.49,23.315943118644068,70.48705762711865,234,287
23.33_70.21,23.32775357142857,70.21363571428572,235,50
23.33_70.22,23.32706909090909,70.21540909090909,235,11
23.36_83.22,23.361956231884058,83.22154072463769,236,115
23.36_83.23,23.361217826086953,83.22589260869564,236,66
23.37_83.22,23.36515,83.21879,236,1
23.3_70.48,23.304229210526316,70.47718671052633,234,72
23.41_72.36,23.41435,72.35655,237,1
23.41_72.41,23.407776153846154,72.4144523076923,238,12
23.41_72.42,23.40815606741573,72.41710640449439,238,76
23.42_72.35,23.41615,72.35264,237,1
23.42_72.36,23.41594,72.35709,237,1
23.43_68.71,23.429919909420292,68.71240163043478,239,474
23.43_68.72,23.430271428571427,68.71525428571428,239,7
23.43_86.9,23.430922631578948,86.9010252631579,240,18
23.48_87.35,23.482341076923074,87.35427107692307,241,63
23.48_87.36,23.482648522388057,87.36008995522388,241,487
23.48_87.37,23.484001578947368,87.36591842105263,241,19
23.49_68.58,23.49462,68.57936,242,1
23.49_87.35,23.4853,87.35445,241,1
23.49_87.36,23.48592516129032,87.3632564516129,241,30
23.49_87.37,23.486999746835444,87.36778670886076,241,73
23.51_87.27,23.51448135135135,87.27275594594595,243,37
23.51_87.28,23.510189244851258,87.27882167048055,243,347
23.52_87.27,23.516516139240508,87.27246765822785,243,148
23.52_87.28,23.515605714285716,87.2760557142857,243,7
23.53_85.7,23.52918851851852,85.6989725925926,244,53
23.55_86.54,23.548340300751878,86.54399409774436,245,254
23.55_86.55,23.54814905109489,86.5461051459854,245,267
23.55_87.24,23.553441945525293,87.24063031128405,246,240
23.55_87.25,23.548941565656563,87.2468592929293,246,191
23.56_87.08,23.561879184549355,87.08326025751073,247,365
23.56_87.09,23.563296688172045,87.0886111827957,247,404
23.56_87.23,23.56046977924945,87.23101267108167,246,367
23.56_87.24,23.55894311509304,87.2397927980703,246,1205
23.56_87.25,23.5586625,87.246755,246,16
23.57_87.08,23.56561,87.08309,247,1
23.57_87.09,23.565648759124088,87.08978569343066,247,129
23.5_68.58,23.49750510204082,68.57805744897959,242,81
23.61_86.78,23.613384,86.784698,248,5
23.61_86.79,23.6135816496945,86.78936133401223,248,727
23.61_86.86,23.614415,86.86127827586206,249,58
23.61_87.14,23.611547592592594,87.14426981481482,250,103
23.61_87.15,23.609660550724637,87.14838057971014,250,520
23.62_85.64,23.623621333333332,85.64208973333334,251,73
23.62_85.65,23.62358857142857,85.65395428571428,251,7
23.62_85.66,23.623875,85.655655,251,4
23.62_86.78,23.61691,86.78458,248,1
23.62_86.79,23.615996567656765,86.78989283828383,248,491
23.62_86.86,23.617045925925925,86.86138007407408,249,121
23.63_85.63,23.631517125,85.63114075,251,76
23.63_85.64,23.625346363636364,85.64218454545454,251,11
23.63_86.29,23.630194071428573,86.29186426190476,252,336
23.63_86.3,23.632417770270273,86.29709351351352,252,270
23.64_85.4,23.64129666666667,85.39764483333333,253,59
23.64_85.44,23.6444125,85.439815,254,4
23.64_86.3,23.635660555555557,86.29998333333333,252,18
23.65_85.44,23.648065770609318,85.43887899641578,254,183
23.65_85.5,23.65498,85.50456,255,1
23.65_85.51,23.654744137931033,85.50767103448275,255,29
23.65_85.57,23.6494925,85.56834321428572,256,28
23.66_84.99,23.66455,84.99491,257,1
23.66_85.0,23.66374070175439,84.99906228070175,257,251
23.66_85.5,23.657662564102562,85.50444769230769,255,36
23.66_85.51,23.656908585131895,85.5071852997602,255,362
23.66_85.55,23.66294075471698,85.55223009433962,258,104
23.66_86.44,23.659662978723404,86.44403829787234,259,91
23.66_86.45,23.659477096774193,86.44595016129033,259,61
23.66_86.91,23.6628186,86.9119259,260,96
23.66_86.92,23.664102528089888,86.9191884269663,260,323
23.66_87.21,23.662803333333333,87.20712333333334,261,3
23.67_84.99,23.669701106941837,84.99131328330206,257,434
23.67_85.0,23.66794717721519,84.9971518101266,257,589
23.67_86.08,23.674452962962963,86.08443148148147,262,54
23.67_86.09,23.669839818365286,86.09062517658931,262,741
23.67_86.1,23.67391681818182,86.10371227272728,262,22
23.67_86.11,23.672720829268293,86.11095824390243,262,177
23.67_86.12,23.671223333333334,86.11669458333334,262,44
23.67_86.39,23.67394,86.39412333333333,263,9
23.67_86.4,23.674055185185185,86.4003336026936,263,242
23.67_86.41,23.673332,86.407178,263,5
23.67_86.42,23.669236055776892,86.41998410358566,263,155
23.67_86.91,23.66667,86.91453,260,3
23.67_86.92,23.66696554263566,86.92014939922481,260,667
23.67_86.93,23.67108189189189,86.93410351351352,260,37
23.67_86.94,23.67140392156863,86.9365043137255,260,93
23.68_86.07,23.67798388888889,86.07034777777778,262,36
23.68_86.08,23.67988374422188,86.08360141756548,262,837
23.68_86.09,23.67987009054326,86.08997064050973,262,1136
23.68_86.1,23.68061062037037,86.0973825925926,262,709
23.68_86.11,23.676930727272726,86.10648681818182,262,96
23.68_86.38,23.68434,86.38499,263,1
23.68_86.39,23.682460573613767,86.39221418738049,263,1170
23.68_86.4,23.67899451072125,86.398509208577,263,1090
23.68_86.41,23.67651076923077,86.40538769230768,263,13
23.68_87.12,23.684661944444443,87.12184861111112,264,35
23.68_87.13,23.68469,87.125545,264,2
23.69_68.83,23.690032608695653,68.83255434782609,265,22
23.69_85.29,23.694694210526315,85.29042,266,19
23.69_86.08,23.69157204819277,86.08026614457832,262,76
23.69_86.09,23.685813166666666,86.09033983333333,262,59
23.69_86.1,23.685666666666666,86.09606333333333,262,3
23.69_86.39,23.68773332230908,86.3905185748647,263,1212
23.69_86.4,23.68590856,86.39574224,263,122
23.69_87.09,23.69102666666667,87.09484666666667,264,3
23.69_87.1,23.690459102478233,87.0996518151373,264,950
23.69_87.11,23.693166433512683,87.10989959262106,264,728
23.69_87.12,23.69109482731347,87.12093585025048,264,1184
23.69_87.13,23.69271074766355,87.12541308411215,264,101
23.6_87.15,23.604148474576274,87.15214468926553,250,165
23.71_85.28,23.71123215277778,85.28322701388889,266,132
23.71_85.29,23.710766363636363,85.28625681818181,266,22
23.71_85.3,23.709115714285712,85.29593571428572,266,7
23.71_85.4,23.70902703125,85.403499296875,267,121
23.71_85.41,23.708861538461537,85.40541999999999,267,13
23.71_85.43,23.708933333333334,85.42687333333333,268,3
23.71_86.07,23.70636,86.07260032520325,262,104
23.71_86.08,23.707143548387098,86.07619064516129,262,31
23.71_86.44,23.714600181818184,86.44319472727273,269,54
23.71_86.45,23.712423811659193,86.4502830941704,269,121
23.72_85.0,23.724114444444446,85.00449222222223,270,9
23.72_85.01,23.72060114384749,85.00855197573657,270,501
23.72_85.02,23.72495,85.02406,270,1
23.72_85.29,23.71542,85.28557,266,1
23.72_85.52,23.72343946236559,85.52400247311827,271,91
23.72_85.53,23.722976578947367,85.52564868421052,271,37
23.72_86.44,23.719891668032787,86.44152456557377,269,1021
23.72_86.45,23.719641890372454,86.4479539775123,269,821
23.73_85.0,23.728377000000002,85.00422413043478,270,209
23.73_85.01,23.728617794117646,85.00705295588234,270,454
23.73_85.02,23.73110206812652,85.0219202189781,270,301
23.73_85.03,23.72886265060241,85.02614096385543,270,67
23.73_85.52,23.7254025,85.52425500000001,271,4
23.73_85.53,23.725418,85.52573,271,5
23.73_86.42,23.733790593220338,86.4229529661017,269,115
23.73_86.43,23.7342568627451,86.43196323529412,269,89
23.73_86.44,23.727887550471063,86.43996012113055,269,549
23.73_86.45,23.72843626984127,86.44776714285713,269,109
23.73_86.75,23.731521666666666,86.75439833333333,272,12
23.73_86.76,23.731259831460672,86.75700393258427,272,161
23.74_85.0,23.738887222222225,85.00461388888888,270,18
23.74_85.01,23.73838038532962,85.01056266945217,270,971
23.74_85.02,23.73715076923077,85.01823380341881,270,199
23.74_85.5,23.743717662337662,85.50425090909091,273,154
23.74_85.51,23.743939821428572,85.50653038690477,273,328
23.74_86.42,23.741142566666667,86.42318313333334,269,251
23.74_86.43,23.737487803030305,86.43189831439393,269,357
23.74_86.44,23.737015636363637,86.4359809090909,269,99
23.75_85.5,23.745860999999998,85.50440437500001,273,79
23.75_85.51,23.746092713178296,85.5072157364341,273,356
23.75_85.85,23.75295432989691,85.85399958762888,274,91
23.75_85.86,23.75239484330484,85.857718005698,274,272
23.75_85.87,23.75249,85.86562,274,1
23.75_86.4,23.754051069958848,86.39981390946502,269,220
23.75_86.41,23.75211784946237,86.41346655913978,269,89
23.75_86.42,23.7501012345679,86.41906302910053,269,1021
23.75_86.43,23.746310625,86.425756875,269,32
23.76_85.85,23.7577603714565,85.85324110459433,274,732
23.76_85.86,23.75843171257485,85.85741920958084,274,595
23.76_86.03,23.76435909090909,86.03446181818182,275,11
23.76_86.04,23.7643,86.03668642857143,275,39
23.76_86.37,23.764571,86.37379200000001,269,20
23.76_86.38,23.764290256410256,86.3801632051282,269,67
23.76_86.39,23.762797523727354,86.39273471958585,269,808
23.76_86.4,23.759605620604052,86.40051726106744,269,1206
23.76_86.41,23.758936596385542,86.40572689759036,269,290
23.76_86.42,23.759292849740934,86.41738295336788,269,177
23.77_86.01,23.76821157894737,86.01205736842105,276,19
23.77_86.03,23.766732597402598,86.03390298701298,275,74
23.77_86.04,23.76658945652174,86.0366152173913,275,83
23.77_86.19,23.773999444444442,86.192995,277,18
23.77_86.2,23.772352048192772,86.20110354082999,277,850
23.77_86.21,23.773386496763752,86.20852516181229,277,758
23.77_86.22,23.77274,86.21561,277,1
23.77_86.36,23.77378955,86.36319284999999,269,331
23.77_86.37,23.769757178988325,86.37044365758756,269,370
23.77_86.38,23.769779856801907,86.38121169451075,269,330
23.77_86.39,23.76973929329609,86.3903388547486,269,1075
23.77_86.4,23.767461023622047,86.39964657838225,269,740
23.77_86.41,23.767295224719103,86.4063106741573,269,135
23.78_86.19,23.776042307692308,86.19016557692308,277,49
23.78_86.2,23.778590795107032,86.20341088685015,277,263
23.78_86.21,23.779637666108318,86.20854772194305,277,1115
23.78_86.22,23.77736,86.21551666666666,277,6
23.78_86.3,23.78467,86.3034425,278,4
23.78_86.31,23.784665,86.30672249999999,278,12
23.78_86.33,23.784140271493214,86.33317619909502,279,201
23.78_86.34,23.781022728146013,86.34215397694524,279,669
23.78_86.35,23.780734947216892,86.34708031190019,279,1101
23.78_86.36,23.77631399577167,86.36315133192389,269,393
23.78_86.37,23.780068148148146,86.37168950869237,269,758
23.78_86.38,23.778329067796612,86.38029851694915,269,216
23.78_86.39,23.779303666724644,86.39084236736824,269,1305
23.78_86.4,23.77999852130326,86.39621928989139,269,755
23.79_85.56,23.7941875,85.559565,280,3
23.79_86.21,23.785567179487177,86.20838615384615,277,34
23.79_86.23,23.79395487394958,86.23357235294117,281,233
23.79_86.24,23.793965770925112,86.2363434801762,281,223
23.79_86.3,23.786836714285712,86.30395478571428,278,133
23.79_86.31,23.786950901287554,86.3069113304721,278,218
23.79_86.32,23.788394897959186,86.31623734693878,278,48
23.79_86.33,23.787160528511823,86.33283877607788,279,499
23.79_86.34,23.78670668831169,86.33597922077922,279,142
23.79_86.35,23.79276167143441,86.35192163874132,279,1114
23.79_86.36,23.7925886122449,86.35554097959184,279,214
23.79_86.37,23.788417714285714,86.37153314285713,269,257
23.79_86.39,23.78521,86.3929175,269,7
23.79_87.07,23.7938555,87.0739035,282,20
23.79_87.08,23.791669615384613,87.07702884615385,282,26
23.7_85.0,23.695856666666668,84.99689,283,2
23.7_85.27,23.700120363636366,85.27402618181817,266,103
23.7_85.28,23.69879879245283,85.27745649056604,266,231
23.7_85.29,23.697044581280785,85.29079394088669,266,163
23.7_86.07,23.701915969387755,86.07312257653061,262,309
23.7_86.08,23.698248333333336,86.07754737442923,262,318
23.7_87.1,23.695964700854702,87.10406162393161,264,112
23.7_87.11,23.695834214285714,87.10799914285714,264,237
23.7_87.12,23.695705514285713,87.11999334285714,264,276
23.7_87.13,23.695312,87.12531,264,5
23.81_84.84,23.80782531120332,84.84317485477177,284,189
23.81_84.85,23.808584970178927,84.84699777335983,284,395
23.81_85.53,23.810374799999998,85.5325268,285,45
23.81_85.54,23.8051,85.53868,285,1
23.81_85.86,23.80702741935484,85.86230548387097,286,29
23.81_86.31,23.8077479245283,86.31429836477987,287,150
23.81_86.32,23.80779507858546,86.31790418467584,287,706
23.81_86.33,23.80610409321175,86.32952549138804,287,699
23.81_87.02,23.81223,87.02445,288,1
23.81_87.03,23.809151896551725,87.03192793103447,288,48
23.81_87.04,23.806322799999997,87.0391554,288,49
23.81_87.05,23.80525,87.046635,288,2
23.82_84.84,23.816053750000002,84.8441525,284,8
23.82_84.85,23.816127499999997,84.84690041666667,284,41
23.82_84.93,23.82433976190476,84.93100761904762,289,39
23.82_85.46,23.824009347826088,85.46328434782609,290,45
23.82_85.47,23.824155714285716,85.46525285714286,290,7
23.82_85.49,23.821643917525773,85.49422371134021,291,92
23.82_85.5,23.822858621621624,85.49847018918918,291,792
23.82_86.97,23.81588,86.96983,292,1
23.83_84.92,23.832272352941178,84.92215176470589,289,14
23.83_84.93,23.828007684210526,84.93232247368421,289,103
23.83_84.94,23.82863888888889,84.93596222222222,289,27
23.83_85.46,23.825635555555557,85.46370777777777,290,18
23.83_85.47,23.82534,85.46532,290,1
23.83_85.49,23.82502,85.49453,291,1
23.83_85.5,23.82607916179337,85.49974688109162,291,444
23.84_84.95,23.83893874251497,84.9487207784431,293,129
23.84_85.3,23.840870757575757,85.3038053030303,294,64
23.84_85.31,23.841172692307694,85.3055273076923,294,26
23.84_85.47,23.837390416666665,85.46875375,290,24
23.8_84.84,23.80357305699482,84.84352227979275,284,184
23.8_84.85,23.80376153846154,84.8457423076923,284,65
23.8_85.54,23.8034656097561,85.53840609756098,285,39
23.8_86.23,23.79581383458647,86.23395097744361,281,132
23.8_86.24,23.79574124137931,86.23628724137932,281,142
23.8_86.31,23.80383909090909,86.31431545454545,287,11
23.8_86.32,23.803077367021277,86.32211218085106,287,260
23.8_86.33,23.802826245210728,86.3289905704555,287,1193
23.8_86.34,23.798350060240963,86.34297927710843,279,143
23.8_86.35,23.796522893309223,86.35110122061482,279,712
23.8_86.36,23.795515,86.35528681818181,279,22
23.8_87.04,23.801695046728973,87.04274859813084,288,90
23.8_87.05,23.800226751507033,87.04874082384461,288,762
23.8_87.06,23.79965576923077,87.05718999999999,288,52
23.8_87.07,23.796043333333333,87.07397833333334,282,6
23.92_85.34,23.92471714285714,85.34322285714286,295,7
23.93_85.34,23.92644150442478,85.3428296460177,295,109
23.99_79.39,23.989335996055225,79.39193157790926,296,466
23.99_79.4,23.990035,79.395275,296,2
24.01_80.53,24.00991740740741,80.52980962962964,297,27
24.05_80.61,24.052881916666667,80.61354925,298,231
24.05_80.62,24.05239794117647,80.61555705882353,298,34
24.06_80.61,24.05515,80.61401,298,1
24.11_86.86,24.11439720930232,86.85968186046512,299,39
24.12_82.61,24.12395,82.6139859090909,300,21
24.12_82.62,24.124344375,82.6164265625,300,30
24.12_86.35,24.11843958174905,86.35190357414449,301,243
24.12_86.36,24.119297500000002,86.35610880434783,301,88
24.12_86.86,24.118042478260868,86.85962147826088,299,160
24.13_82.57,24.13404625,82.57001725,302,32
24.13_82.61,24.126681282051283,82.61420897435897,300,37
24.13_82.62,24.12639303030303,82.61632878787879,300,32
24.14_82.56,24.141974803921567,82.5632831372549,302,80
24.14_82.57,24.138670839160838,82.56869685314686,302,95
24.14_82.6,24.144693333333333,82.60355,303,3
24.14_82.61,24.14463,82.6051525,303,4
24.14_82.63,24.143631111111112,82.63353444444445,304,26
24.14_82.64,24.14234,82.6369929032258,304,24
24.14_82.68,24.142135,82.6806375,305,4
24.14_82.74,24.14417,82.74372,306,1
24.14_86.33,24.144635625,86.3318225,307,15
24.15_82.56,24.14690681818182,82.56257045454545,302,20
24.15_82.57,24.14995,82.565145,302,2
24.15_82.6,24.146289545454547,82.60349636363637,303,43
24.15_82.61,24.146216666666664,82.60561666666666,303,6
24.15_82.63,24.1457625,82.63370499999999,304,4
24.15_82.67,24.15489,82.67448,308,1
24.15_82.68,24.15489,82.67553,308,1
24.15_86.33,24.146601694915255,86.33202372881355,307,51
24.16_82.55,24.162215,82.5546125,302,4
24.16_82.56,24.161643610108303,82.55907212996391,302,152
24.16_82.6,24.1572725,82.6016025,303,4
24.16_82.61,24.163223333333335,82.61303666666667,303,2
24.16_82.62,24.16323222222222,82.62395444444445,303,8
24.16_82.63,24.16404,82.62570500000001,303,2
24.16_82.67,24.15892252669039,82.67164320284697,308,179
24.16_82.68,24.159794583333333,82.67624833333333,308,20
24.16_82.69,24.16336,82.686005,308,2
24.17_80.69,24.167511485507248,80.69394253623187,309,267
24.17_80.7,24.167591338582675,80.69601657480314,309,238
24.17_82.56,24.168823100775196,82.56039935769657,302,467
24.17_82.57,24.170870833333336,82.56572416666667,302,12
24.17_82.62,24.16513,82.62339,303,1
24.17_82.68,24.168513333333333,82.67944166666668,308,11
24.18_82.57,24.18260827586207,82.57105206896551,302,180
24.18_82.58,24.184168333333332,82.5763575,302,12
24.18_82.68,24.175503333333335,82.67848,308,3
24.19_82.57,24.1884366,82.5733898,302,45
24.19_82.58,24.19083569536424,82.57736887417218,302,212
24.21_82.52,24.206273431372548,82.52403294117646,310,96
24.21_82.53,24.20644620967742,82.52615653225807,310,121
24.21_82.71,24.20691821487603,82.71044119008263,311,415
24.21_82.72,24.206825,82.71539666666666,311,6
24.24_78.16,24.242584285714287,78.16217857142858,312,13
24.2_80.8,24.202755,80.80031984126984,313,122
24.2_82.52,24.20438588235294,82.52380647058824,310,33
24.2_82.53,24.20436451612903,82.52590903225806,310,31
24.2_82.58,24.195169999999997,82.576655,302,2
24.2_82.71,24.204386923076925,82.71100717948718,311,68
24.2_82.72,24.20376,82.71563,311,1
24.32_81.33,24.32471482758621,81.32753379310346,314,29
24.33_81.33,24.326282947976875,81.32775063583816,314,168
24.45_83.04,24.44929717791411,83.03931604294478,315,303
24.48_77.14,24.482802307692307,77.14460230769231,316,13
24.48_77.15,24.482774523809525,77.14698547619048,316,36
24.49_77.15,24.485219999999998,77.14704333333333,316,3
24.53_81.17,24.528297414965987,81.16939163265306,317,145
24.56_81.0,24.564279193548387,81.00312741935484,318,122
24.56_81.01,24.56401,81.00505,318,1
24.56_81.17,24.56476,81.17498,319,1
24.56_81.18,24.5649,81.17657,319,1
24.57_81.0,24.565665185185185,81.00327530864197,318,80
24.57_81.01,24.566177500000002,81.00546,318,4
24.57_81.17,24.566149999999997,81.17469666666666,319,3
24.57_81.18,24.566113846153847,81.17653538461538,319,26
24.58_74.8,24.578831586402266,74.80333354107648,320,335
24.58_74.81,24.57941870967742,74.80535903225805,320,31
24.59_80.86,24.594873999999997,80.861278,321,5
24.61_73.82,24.605292,73.816304,322,5
24.64_74.68,24.641749759036145,74.68361397590361,323,74
24.64_74.69,24.641499666666668,74.68568833333333,323,29
24.66_73.87,24.657903333333334,73.87409666666667,324,3
24.66_73.88,24.657971714285715,73.876882,324,35
24.66_74.63,24.661311709577753,74.6326003192585,325,777
24.66_74.64,24.661603522012577,74.63564081761007,325,151
24.69_73.0,24.69014683523654,73.00267499184339,326,537
24.69_73.01,24.690338571428573,73.00528071428572,326,14
24.69_74.68,24.691466000000002,74.68113485714285,327,34
24.6_73.81,24.604546666666668,73.81476333333333,322,3
24.6_73.82,24.603645588235295,73.81710088235295,322,33
24.6_80.86,24.595961,80.86121399999999,321,39
24.71_74.67,24.714159739130434,74.67063504347827,328,113
24.71_75.95,24.714043255813955,75.9529325,329,166
24.71_75.96,24.71436,75.95515833333333,329,6
24.72_74.67,24.715357419354838,74.6704464516129,328,31
24.72_75.95,24.715492786885246,75.95265262295082,329,119
24.72_75.96,24.71503,75.95507,329,1
24.76_74.6,24.76284391304348,74.60469434782608,330,23
24.76_74.61,24.763296917177914,74.6078490797546,330,572
24.77_74.6,24.76573,74.605,330,1
24.77_74.61,24.76542295652174,74.60784886956522,330,112
24.82_73.09,24.821115449915112,73.09341142614602,331,547
24.82_73.1,24.82140111801242,73.09554919254659,331,157
24.92_84.15,24.923364000000003,84.1543712,332,25
24.92_84.16,24.92304414893617,84.15617010638297,332,91
24.92_84.17,24.922691363636364,84.16749,332,21
24.93_74.63,24.933465098039218,74.63339879084967,333,298
24.93_74.64,24.933503384615385,74.63546615384615,333,65
24.93_84.14,24.92964,84.14445,332,1
24.93_84.15,24.929580975609756,84.14790024390244,332,41
24.93_84.16,24.92542,84.15681,332,1
24.94_74.63,24.935280714285714,74.6335957142857,333,28
24.94_74.64,24.935291538461538,74.6353923076923,333,13
24.96_74.12,24.96237307692308,74.12396076923076,334,13
24.96_74.13,24.96181833333333,74.12564333333333,334,6
25.31_71.75,25.30557,71.75092,335,1
25.31_83.01,25.310965806451613,83.01350951612903,336,61
25.31_83.02,25.310779,83.015341,336,10
25.3_71.75,25.301381499999998,71.7522335,335,49
25.3_71.76,25.300695714285716,71.75603714285714,335,20
25.3_71.77,25.2986,71.76867999999999,335,2
25.41_86.02,25.41462,86.02434,337,1
25.41_86.03,25.414415714285717,86.02723857142857,337,7
25.42_86.02,25.41618,86.0236425,337,3
25.42_86.03,25.416610000000002,86.02727090909092,337,10
25.44_86.07,25.43703,86.06841826666667,338,61
25.51_90.9,25.513569999999998,90.90406428571428,339,7
25.51_90.91,25.513110357142857,90.90765857142857,339,22
25.52_90.9,25.519167619047618,90.90395142857143,339,15
25.52_90.91,25.516591034482758,90.90663655172415,339,21
25.54_91.23,25.54247909090909,91.2345390909091,340,11
25.54_91.24,25.5417975,91.23588083333334,340,23
25.67_76.19,25.671774444444445,76.18919666666666,341,17
25.91_71.57,25.906806666666668,71.56875000000001,342,3
26.06_93.89,26.058992857142858,93.89320928571429,343,14
26.06_93.93,26.063799873417725,93.92949303797468,344,76
26.07_93.93,26.065753333333337,93.92913333333333,344,15
26.08_93.95,26.084663999999997,93.95227,345,10
26.09_93.95,26.08581476190476,93.95181666666667,345,21
26.26_74.09,26.257769600000003,74.0945052,346,25
26.26_74.1,26.25784215909091,74.09628147727273,346,82
26.26_74.19,26.264637826086958,74.18876,347,23
26.27_74.19,26.269850723104057,74.18904148148148,347,405
26.28_74.19,26.27528,74.19012,347,1
26.3_74.12,26.297302758620688,74.12435775862069,348,56
26.3_74.13,26.297252631578946,74.12637330827069,348,132
26.52_90.53,26.522421690821254,90.5319261352657,349,162
26.52_90.54,26.52080777777778,90.53630018518518,349,49
26.53_90.53,26.525113333333334,90.533,349,3
26.61_73.68,26.60576819672131,73.68363540983606,350,59
26.61_73.69,26.6058508,73.68555959999999,350,25
26.64_79.47,26.641936086956523,79.473915,351,81
26.64_79.48,26.642191635514017,79.47923864485982,351,744
26.64_79.49,26.643428,79.485346,351,5
26.65_79.47,26.646176000000004,79.473798,351,5
26.65_79.48,26.645602459016395,79.48001598360655,351,108
26.65_79.49,26.64514,79.4853,351,1
26.6_73.68,26.604485,73.68366326086957,350,46
26.6_73.69,26.60414384615385,73.68561807692308,350,26
26.76_83.19,26.760089999999998,83.194715,352,2
26.76_83.2,26.76009806451613,83.19970359139785,352,754
26.76_83.21,26.760094166666665,83.20608416666666,352,24
26.77_94.51,26.772642,94.506638,353,5
26.78_94.67,26.784178666666666,94.671363,354,56
26.79_94.67,26.785954069767445,94.67155825581395,354,80
26.79_94.69,26.79365,94.68938365853658,355,38
26.81_94.69,26.809897499999998,94.69319125,356,6
26.81_94.7,26.810304000000002,94.696338,356,5
26.87_73.51,26.873935217391303,73.51448826086957,357,23
26.87_73.52,26.873508719999997,73.51700136000001,357,358
26.88_73.51,26.87823367977528,73.5137858988764,357,325
26.88_73.52,26.877057454068243,73.51614782152231,357,354
26.92_73.47,26.924986666666666,73.46882333333333,358,3
26.93_73.47,26.92689081632653,73.46844482993197,358,138
27.03_69.71,27.034225,69.714385,359,4
27.03_69.72,27.034049999999997,69.71546333333333,359,3
27.03_94.89,27.031183396226417,94.8904554716981,360,46
27.04_69.71,27.035795,69.712745,359,2
27.08_73.82,27.080235357142858,73.81743571428572,361,80
27.26_95.12,27.26433875,95.12376125,362,8
27.26_95.13,27.264570000000003,95.12532666666668,362,3
27.26_95.15,27.260805,95.14867,363,2
27.27_95.12,27.266825454545454,95.12375212121212,362,32
27.27_95.13,27.26627142857143,95.1254542857143,362,7
27.31_95.26,27.31465,95.26453000000001,364,5
27.31_95.27,27.314556,95.266926,364,5
27.32_95.26,27.318004370860926,95.26405291390728,364,137
27.32_95.27,27.317907100271004,95.26673140921409,364,274
27.32_95.28,27.323666666666668,95.27721333333334,364,2
27.33_95.28,27.3260925,95.27808,364,7
27.34_95.48,27.340273333333336,95.48133666666666,365,9
27.37_94.89,27.36861565217391,94.89379304347827,366,21
27.37_94.9,27.368478490566037,94.89662056603773,366,46
27.37_95.09,27.374726,95.08746599999999,367,5
27.38_95.08,27.37583,95.084555,367,2
27.38_95.09,27.377183195876288,95.08762103092783,367,253
27.39_95.43,27.39279846153846,95.43416692307693,368,12
27.39_95.44,27.39292692307692,95.43598153846155,368,13
27.3_95.39,27.301893999999997,95.393836,369,5
27.3_95.4,27.30246,95.39624666666667,369,3
27.46_95.42,27.464570000000002,95.42136500000001,370,2
27.46_95.47,27.46133593220339,95.47433016949152,371,52
27.46_95.48,27.4610423297491,95.47657229390681,371,214
27.47_95.42,27.46898151187905,95.42265701943843,370,579
27.47_95.43,27.469033898305085,95.42567254237288,370,54
27.4_95.43,27.39509,95.43403,368,1
27.4_95.44,27.39546,95.43587,368,1
27.52_76.67,27.51656117647059,76.6709094117647,372,17
27.53_95.4,27.534202500000003,95.40005363636364,373,41
27.54_95.4,27.53592358974359,95.40027153846154,373,38
27.55_96.04,27.554628461538464,96.03915923076923,374,13
27.56_96.04,27.557968338607594,96.03940634493671,374,433
27.61_95.4,27.606210319148936,95.40192313829786,375,309
27.61_95.41,27.606466,95.40558,375,5
27.67_76.13,27.667846477438136,76.13033036390101,376,580
27.67_76.14,27.668498125,76.135666875,376,16
27.6_95.4,27.604048529411763,95.4017130514706,375,227
27.82_73.22,27.82445285714286,73.22257,377,7
27.82_73.23,27.82411,73.22514,377,1
27.83_73.22,27.826725,73.22255458333333,377,23
27.83_73.23,27.82667,73.22511,377,1
28.07_77.86,28.070362142857142,77.85782642857143,378,14
28.12_76.8,28.119343333333333,76.79864555555555,379,35
28.27_77.27,28.271408787878787,77.27351818181819,380,31
28.27_77.28,28.272180000000002,77.27573333333333,380,3
28.35_77.23,28.347208297872342,77.23099234042553,381,40
28.35_77.26,28.35152,77.26214666666667,382,17
28.35_77.27,28.35264,77.26516,382,1
28.36_77.24,28.358863333333332,77.24299666666667,383,3
28.62_77.47,28.6221725,77.472015,384,8
28.63_77.47,28.6256,77.47469,384,1
28.73_77.15,28.72848,77.15485,385,3
28.73_77.16,28.72856780487805,77.15648292682927,385,38
28.74_76.92,28.74393,76.92486,386,2
28.74_76.93,28.74321969072165,76.92825835051546,386,88
28.74_76.95,28.74215285714286,76.95437428571428,387,7
28.74_76.96,28.743372727272728,76.95583636363637,387,11
28.75_76.93,28.745715714285716,76.92706761904762,386,21
28.75_76.95,28.745375,76.95413500000001,387,2
28.75_76.96,28.745635,76.95559,387,2
28.79_77.07,28.7949,77.06954,388,1
28.79_77.15,28.793717627118642,77.14938508474576,389,54
28.8_77.07,28.796588000000003,77.07021,388,5
28.8_77.15,28.79558,77.14994999999999,389,2
29.12_75.77,29.12434,75.77398,390,1
29.12_75.78,29.12380413249211,75.77820384858045,390,297
29.13_75.77,29.126697999999998,75.77436800000001,390,4
29.13_75.78,29.12559225490196,75.77843980392157,390,101
29.45_76.86,29.45411333333333,76.86431,391,3
29.45_76.87,29.454512,76.867408,391,9
29.46_76.86,29.458465151515153,76.86408333333334,391,31
29.46_76.87,29.45780619047619,76.86758604761904,391,152
29.46_76.89,29.460210545454547,76.88942054545454,392,39
29.47_76.86,29.47385,76.85782375,393,7
29.48_76.85,29.476689999999998,76.854285,393,2
29.48_76.86,29.47631277777778,76.85814611111111,393,15
29.91_74.94,29.90977775510204,74.9431361904762,394,95
29.91_74.95,29.90966395852969,74.94979180018849,394,433
29.91_74.96,29.9087678,74.9566492,394,37
29.92_74.94,29.91541,74.94171,394,1
29.92_74.95,29.91680875,74.9515125,394,7
29.9_74.95,29.9043275,74.949805,394,8
29.9_74.96,29.9029,74.95653,394,1
30.85_75.95,30.85151,75.94658,395,1
30.88_75.99,30.882599,75.994045,396,10
30.88_76.0,30.8831,75.9957,396,4
31.25_76.93,31.25002975342466,76.9286445479452,397,342
31.26_76.92,31.259208536585366,76.92390796747968,397,121
31.26_76.93,31.258873932038835,76.92613708737865,397,195
31.33_76.89,31.327955775862073,76.89405155172413,398,116
31.33_76.9,31.3280809009009,76.89605945945947,398,109
31.41_76.84,31.413439999999998,76.83575333333333,399,3
8.87_78.16,8.86733,78.15561,400,1
9.98_76.37,9.977391956521739,76.37389782608696,401,44
9.98_76.38,9.977929324324323,76.37607391891892,401,73
