site,lat,lon,detections,days_detected,mean_frp
10.81_79.3,10.81330625,79.30465625,8,8,0.665
10.81_79.31,10.812951111111111,79.30673422222222,135,128,0.7397037037037038
10.82_79.31,10.815447142857144,79.30632095238096,21,21,0.7057142857142857
10.88_77.27,10.880754,77.267458,5,4,0.484
10.92_77.06,10.922729444444444,77.06169027777779,36,34,0.8725
10.93_77.06,10.929903333333334,77.06367773333332,75,73,0.8002666666666666
10.93_77.07,10.929511999999999,77.06582325000001,40,39,1.2269999999999999
11.17_79.09,11.174985,79.08800500000001,2,2,0.765
11.18_79.09,11.17670211111111,79.08825866666668,90,90,0.9393333333333334
11.18_79.1,11.182343764705882,79.100338,85,78,1.0754117647058823
11.19_79.1,11.18525,79.0995,1,1,0.72
11.31_79.8,11.30627,79.80476666666667,3,3,1.4666666666666668
11.31_79.81,11.305561,79.80639099999999,10,10,1.084
11.3_79.8,11.30448,79.80387,1,1,0.88
11.3_79.81,11.303057272727273,79.80742818181818,33,32,0.7369696969696969
11.81_77.91,11.81484,77.91486,1,1,1.37
11.81_77.92,11.810700864978903,77.92155335443039,474,356,1.8441772151898734
11.81_77.93,11.809313571428572,77.92583880952381,42,40,1.7954761904761904
11.82_77.91,11.81636625,77.91469000000001,8,8,2.34
11.82_77.92,11.816562588832488,77.91736456852792,394,353,1.6737055837563453
12.81_77.43,12.80797,77.43362,1,1,0.54
12.85_79.9,12.851478461538461,79.90380499999999,26,20,2.454230769230769
12.85_79.91,12.851661666666667,79.90586666666667,12,11,3.3608333333333333
12.86_79.9,12.855673333333334,79.90415666666667,3,3,1.9833333333333334
12.86_79.91,12.855823125,79.906914375,16,14,1.7931249999999999
12.97_79.91,12.96651,79.912795,4,4,1.42
12.97_79.92,12.966835,79.9161,2,2,1.545
13.08_79.98,13.081557586206896,79.98082517241379,29,24,1.3848275862068966
13.09_79.98,13.08525,79.97984,1,1,1.49
13.0_74.85,13.003213888888888,74.85104444444444,18,15,1.7072222222222222
13.16_80.28,13.160217566539924,80.28299490494297,263,225,2.404980988593156
13.16_80.29,13.160184179104478,80.28611843283582,134,127,1.7937313432835822
13.29_80.34,13.291410833333334,80.34209777777778,36,33,1.9877777777777779
13.29_80.35,13.29179,80.34502,1,1,1.92
13.39_80.1,13.392156486486487,80.10193162162163,37,36,1.047837837837838
13.42_80.09,13.420042564102564,80.08833538461538,39,34,1.0194871794871794
13.55_77.01,13.554211612903226,77.01271225806451,31,31,0.5732258064516129
13.56_77.01,13.555638235294118,77.01313176470589,17,17,0.5270588235294118
13.71_79.62,13.714395999999999,79.624078,5,5,1.0859999999999999
13.71_79.63,13.714149999999998,79.62536,3,3,0.9666666666666667
13.72_79.62,13.716256999999999,79.62374600000001,10,10,1.21
13.72_79.63,13.716235,79.62569166666667,6,6,1.6766666666666665
13.9_76.56,13.898477916666666,76.56405,24,24,1.0675
13.9_76.57,13.898271,76.56592833333335,30,29,0.7226666666666667
14.59_78.58,14.588063770491804,78.58064049180328,61,57,1.05
14.61_78.52,14.606081354166667,78.52252385416666,96,94,1.0439583333333333
14.6_78.52,14.604604615384615,78.52235384615385,26,26,1.0688461538461538
14.87_78.05,14.873060151515151,78.05242863636363,132,120,2.0149242424242426
14.87_78.06,14.87305,78.055155,2,2,1.645
14.88_78.05,14.875707,78.052026,20,18,1.3845
14.93_78.34,14.93036125,78.33993625,8,8,0.7625
15.01_76.9,15.013144102564102,76.8986958974359,39,37,0.868974358974359
15.01_77.0,15.006125588235292,76.99938823529412,34,30,1.8291176470588235
15.02_76.9,15.01539,76.897615,2,2,0.81
15.02_78.01,15.022820580357143,78.01324404017858,448,414,1.4545982142857141
15.02_78.02,15.023016540880503,78.01582094339624,159,151,1.5844654088050314
15.03_78.01,15.025055,78.01206,2,2,0.795
15.03_78.02,15.02513,78.01613,2,2,0.99
15.07_76.86,15.071906386554621,76.86440462184873,119,110,1.2674789915966387
15.07_76.87,15.071111456692913,76.86623618110237,254,234,1.2614173228346455
15.08_76.86,15.07521,76.86497,1,1,0.49
15.08_76.87,15.075356,76.865648,5,5,0.702
15.0_77.0,15.00419125,76.999034375,32,31,1.54
15.12_76.81,15.119013918918919,76.8111577027027,148,141,0.6928378378378379
15.13_76.71,15.13467625,76.70905,8,8,0.7
15.14_76.71,15.137084014598539,76.70914666666667,411,369,0.820705596107056
15.15_76.71,15.150455619469026,76.71037758849558,452,385,0.8704646017699115
15.16_76.38,15.16366448275862,76.38041379310346,29,25,2.6420689655172414
15.17_76.37,15.172751428571429,76.37461964285714,28,27,1.8257142857142856
15.17_76.38,15.171271301813471,76.37857629533679,1544,872,1.5751619170984457
15.17_76.65,15.174213116883116,76.65377012987013,231,221,1.9545021645021645
15.17_76.66,15.173360214446951,76.65952020316027,886,582,2.4394243792325057
15.17_76.67,15.16950568275862,76.66885197241379,725,424,2.324331034482759
15.17_76.68,15.172593155737705,76.68192901639344,244,200,1.737827868852459
15.17_76.69,15.171908961038962,76.68773207792208,77,72,1.0957142857142859
15.17_76.78,15.173411428571429,76.78474285714286,7,7,1.0357142857142858
15.17_76.79,15.17345741935484,76.78635903225806,93,93,1.0393548387096774
15.17_77.1,15.174288823529412,77.10065470588235,17,17,1.174705882352941
15.18_76.37,15.17522,76.37451,1,1,1.86
15.18_76.38,15.175442833333333,76.37750533333333,60,58,1.4896666666666667
15.18_76.63,15.18448,76.633675,2,2,0.6950000000000001
15.18_76.64,15.183502185185183,76.64167803703704,270,211,2.4156666666666666
15.18_76.65,15.178098469387756,76.65306704931973,1176,792,2.3419812925170067
15.18_76.66,15.177572524271843,76.65808810424119,1957,1006,2.706647930505876
15.18_76.67,15.18007794871795,76.66888921568628,663,428,2.294494720965309
15.18_76.68,15.178420361445784,76.67809963855422,415,262,2.3441445783132533
15.18_76.69,15.17505,76.69120000000001,2,2,1.06
15.18_76.78,15.17567,76.785,1,1,0.7
15.18_76.79,15.180005344827585,76.78900862068966,58,54,0.8393103448275862
15.18_77.1,15.178683148648648,77.10294093243243,740,650,1.1930135135135136
15.18_77.11,15.178723170731706,77.10538243902438,41,41,1.0041463414634146
15.19_76.38,15.194659444444445,76.37921833333333,18,18,1.106111111111111
15.19_76.64,15.1858624,76.6406472,125,108,1.80184
15.19_76.65,15.18720791044776,76.65316820895522,67,61,1.9397014925373135
15.19_76.66,15.187509272151898,76.65794047468354,316,261,2.0746835443037974
15.19_76.67,15.185756153846153,76.67302692307693,13,12,1.2653846153846153
15.19_76.68,15.185708333333332,76.67610666666667,6,6,1.5916666666666668
15.19_77.1,15.18668,77.10155333333334,3,3,0.65
15.22_76.76,15.224301034482759,76.76312672413793,58,54,1.4767241379310345
15.22_76.77,15.22406,76.765595,8,8,1.97875
15.23_76.76,15.22606956521739,76.76296032608695,92,88,1.3707608695652174
15.23_76.77,15.226308947368421,76.76552052631578,19,19,1.6694736842105262
15.2_76.38,15.196497142857144,76.37947107142857,84,81,1.4857142857142858
15.31_76.25,15.311313750000002,76.25362041666666,24,23,0.8158333333333333
15.31_76.26,15.314318571428572,76.25615142857143,7,7,0.7642857142857142
15.32_76.23,15.322049999999999,76.23254,5,5,0.434
15.32_76.25,15.315965365853657,76.25382682926829,41,41,1.1665853658536585
15.32_76.26,15.315769285714286,76.2554192857143,14,14,0.9371428571428572
15.33_76.24,15.33132,76.2448,1,1,0.92
15.33_76.25,15.333186666666666,76.24694476190477,42,39,1.1335714285714285
15.33_76.28,15.33344737704918,76.28443778688525,122,121,1.3025409836065573
15.33_76.29,15.333421957186545,76.28629626911315,327,317,1.2306116207951072
15.34_76.25,15.338320000000001,76.25008,3,3,1.1933333333333334
15.34_76.27,15.338555,76.274515,12,11,1.4616666666666667
15.34_76.28,15.33789066246057,76.278481829653,317,247,1.8347634069400631
15.34_76.29,15.3354758,76.2859004,50,50,1.0395999999999999
15.52_73.99,15.524501666666666,73.99437666666667,6,6,1.8933333333333333
15.52_74.0,15.52334023529412,73.99747470588235,85,80,1.156705882352941
15.53_73.99,15.526834649681529,73.99274388535032,314,290,1.4678343949044586
15.53_74.0,15.525347142857143,73.99654285714284,7,6,2.455714285714286
15.66_73.99,15.65850114873035,73.98886385731561,827,661,1.116154776299879
15.68_78.46,15.684211627906977,78.45781906976744,43,43,0.8562790697674418
15.69_78.46,15.685516923076923,78.45773769230769,13,13,0.8607692307692307
15.91_77.36,15.914366734693878,77.36273979591837,49,47,0.8883673469387755
15.92_77.36,15.915962892561984,77.36285487603305,121,117,0.8965289256198348
15.96_80.94,15.962863636363636,80.93847696969696,66,63,0.6315151515151515
15.97_80.94,15.965605,80.93906000000001,2,2,0.7649999999999999
16.36_81.28,16.360975,81.28329666666667,6,5,0.6549999999999999
16.36_81.29,16.36155,81.28519,1,1,0.21
16.69_79.65,16.69473857142857,79.6489142857143,7,7,1.002857142857143
16.71_79.82,16.714368,79.818065,10,10,1.208
16.72_79.82,16.715545714285714,79.81812000000001,7,7,0.8157142857142857
16.7_79.65,16.69620837209302,79.64911837209301,43,43,1.013953488372093
16.81_79.91,16.8102,79.91486,1,1,1.17
16.83_80.04,16.831826666666668,80.03688416666667,12,11,0.9083333333333333
16.87_80.02,16.871642119205298,80.02192907284768,302,285,1.0903311258278146
16.87_80.03,16.87128,80.02516,1,1,1.44
16.87_80.12,16.874814999999998,80.11975,2,2,1.0699999999999998
16.88_80.12,16.876221875,80.12025,16,16,1.01875
16.88_81.96,16.88399,81.95864,3,3,0.7799999999999999
17.06_76.98,17.0628888,76.9788742117647,425,374,1.511435294117647
17.07_76.98,17.06546659574468,76.9784474468085,47,47,1.5948936170212764
17.14_77.17,17.139762352941176,77.17456882352941,17,17,1.1817647058823528
17.14_77.18,17.14071453125,77.1819437890625,256,222,1.0451953125
17.14_77.19,17.14047552631579,77.185375,38,38,0.856842105263158
17.14_78.22,17.144446810344828,78.22320456896551,116,113,0.9555172413793104
17.14_78.23,17.144249166666665,78.22542083333333,24,24,0.9075000000000001
17.15_78.22,17.14642023391813,78.22318771929825,342,312,0.9282456140350877
17.15_78.23,17.14648268656716,78.22548194029851,67,67,0.7911940298507463
17.22_79.02,17.219893846153845,79.02366692307692,13,13,0.6276923076923077
17.22_79.03,17.219955,79.025465,4,4,0.555
17.46_80.65,17.462886666666666,80.65325166666666,6,6,1.12
17.46_80.66,17.46301,80.65543,1,1,1.01
17.53_83.0,17.532578571428573,83.00020542857142,35,32,1.7288571428571429
17.58_80.31,17.58287117647059,80.3140832352941,34,32,1.5047058823529411
17.58_80.32,17.582995705128205,80.31715160256411,156,136,1.503076923076923
17.59_80.31,17.585288333333335,80.31459166666667,6,6,1.1866666666666668
17.59_80.32,17.58547375,80.3181475,16,16,0.825625
17.61_83.19,17.61304555555556,83.19149555555556,9,9,2.267777777777778
17.61_83.2,17.608302732426306,83.20255277210885,1764,922,2.191298185941043
17.61_83.21,17.610262679999998,83.20574588000001,250,221,2.00636
17.62_83.19,17.622803010752687,83.19393903225806,93,88,1.3243010752688171
17.62_83.2,17.622740454545454,83.19582606060605,66,65,1.3268181818181817
17.69_83.24,17.693337181818183,83.24205272727272,110,98,2.195818181818182
17.69_83.25,17.692932857142857,83.24577928571429,14,14,2.1864285714285714
17.6_83.18,17.599813924050633,83.18296822784811,79,52,6.263037974683544
17.6_83.19,17.598827719298246,83.18979421052632,57,52,2.5292982456140347
17.6_83.2,17.603747765486727,83.20113033185841,452,386,1.827345132743363
17.6_83.21,17.60362,83.20502,1,1,1.32
17.7_83.24,17.69594,83.24148666666666,18,17,2.433888888888889
17.7_83.25,17.695484,83.246034,5,5,1.996
17.81_78.43,17.80782090909091,78.43217060606061,33,31,0.8496969696969696
17.95_80.76,17.95232469387755,80.7614406122449,49,28,3.1171428571428574
17.95_80.77,17.952356,80.765366,5,4,2.492
17.95_80.8,17.954330833333334,80.7983,24,22,1.8979166666666665
17.96_80.76,17.955620000000003,80.762755,2,2,3.12
17.96_80.78,17.95791375,80.78191000000001,8,8,0.965
17.96_80.8,17.95716681818182,80.800022,330,272,1.9039090909090908
18.54_83.34,18.540766666666666,83.34354666666667,3,2,1.4266666666666667
18.67_79.55,18.670597368421053,79.55374789473683,19,18,2.4968421052631578
18.67_79.56,18.66987375,79.55648775,40,33,2.6005
18.68_73.03,18.682790198675498,73.03230412251655,1208,770,2.3088327814569536
18.68_73.04,18.68246189041096,73.03842185753425,1825,863,2.7592657534246574
18.68_73.05,18.67890418604651,73.04567534883721,43,41,1.6453488372093024
18.69_73.03,18.686238246268655,73.0308606840796,804,635,2.250808457711443
18.69_73.04,18.690360102941174,73.0401790245098,2040,990,2.734014705882353
18.69_73.05,18.688333684210527,73.0503894736842,19,19,1.7121052631578948
18.69_73.84,18.691925,73.840465,2,2,1.0550000000000002
18.72_79.51,18.721073333333333,79.50658166666666,6,6,2.5033333333333334
18.72_79.53,18.72194567346939,79.5342453877551,245,202,2.2124489795918367
18.72_79.54,18.72143563809524,79.53699333333333,1050,646,2.6351809523809524
18.73_79.53,18.72740826923077,79.53334653846153,52,49,2.5896153846153847
18.73_79.54,18.725731780821917,79.53644575342466,73,70,2.0747945205479454
18.74_79.53,18.7369248,79.5315246,50,35,2.7124
18.7_73.04,18.6955825,73.04005416666668,12,11,1.8708333333333333
18.81_74.26,18.805580222222222,74.259456,45,43,1.7706666666666668
18.85_72.93,18.854287454545453,72.92895636363636,55,48,3.547090909090909
18.86_72.92,18.857321219512194,72.92402658536585,41,38,3.278780487804878
18.86_72.93,18.857995264026403,72.92757057755776,606,358,3.3515016501650163
18.8_74.26,18.803386666666665,74.25930623931625,117,103,1.9426495726495725
19.01_72.9,19.013348163265306,72.90337795918367,49,39,2.83265306122449
19.01_72.91,19.012939294117647,72.90747629411764,170,120,2.5580588235294117
19.02_72.89,19.020698857142857,72.89177828571428,35,30,2.9114285714285715
19.02_72.9,19.01590285714286,72.90314500000001,14,13,2.8557142857142854
19.02_72.91,19.015485,72.90740125,24,23,2.754583333333333
19.09_82.16,19.089301666666668,82.16317333333333,6,4,5.114999999999999
19.09_82.17,19.09282338235294,82.16941713235295,136,100,2.7900735294117647
19.11_73.05,19.10625736842105,73.05242736842105,19,19,1.5699999999999998
19.11_82.16,19.105884666666668,82.16364866666666,15,15,1.2593333333333334
19.11_82.17,19.105812647058823,82.16700411764705,34,32,1.6291176470588236
19.1_73.05,19.101781557142857,73.05249482857143,700,515,1.267
19.1_73.06,19.102629285714283,73.05529571428572,14,14,1.1492857142857142
19.1_82.16,19.102524096385544,82.16396590361445,83,73,1.7814457831325303
19.1_82.17,19.100633155680224,82.16778859747545,713,332,2.1275876577840114
19.33_83.43,19.33232333333333,83.42978,3,2,1.0133333333333334
19.71_79.22,19.7063,79.21588,1,1,0.44
19.72_79.17,19.722923076923077,79.17409107692308,130,124,1.2581538461538462
19.72_79.18,19.723047368421053,79.175804,95,93,1.1994736842105262
19.73_79.17,19.725195,79.17443,2,2,1.01
19.73_79.18,19.72548,79.17648,1,1,1.48
19.78_79.15,19.78475255319149,79.14763680851064,47,47,1.3240425531914892
19.79_79.14,19.786393333333333,79.14468666666666,3,3,1.3133333333333335
19.79_79.15,19.786820476190478,79.14767108374384,609,560,1.550032840722496
19.7_79.22,19.704291666666666,79.21711666666667,6,5,0.7933333333333333
19.8_78.86,19.802231818181816,78.86448272727273,11,11,0.6727272727272727
19.8_78.87,19.80213722222222,78.86601,18,17,0.8011111111111111
19.92_79.11,19.921300088495578,79.11318801769912,565,510,1.1954513274336283
19.92_79.12,19.921572741935485,79.11541064516129,62,62,0.9990322580645161
19.93_73.71,19.93422083333333,73.71199333333333,12,11,1.2616666666666667
19.93_79.12,19.930394,79.120136,5,5,1.244
19.94_73.71,19.93678193181818,73.71195113636364,88,79,1.1307954545454546
19.96_79.33,19.962875300429186,79.33357922746781,466,393,1.6843562231759657
19.96_79.34,19.96297722222222,79.33581555555556,234,204,1.7962820512820512
19.97_79.33,19.96560875,79.33324160714287,56,55,1.1928571428571428
19.97_79.34,19.965577777777778,79.33583666666667,18,18,1.6727777777777777
20.12_79.02,20.124393846153847,79.02277923076923,13,13,0.8461538461538461
20.12_79.03,20.118739574468087,79.03309085106383,94,86,1.3301063829787234
20.12_79.04,20.11787,79.03540000000001,5,5,1.152
20.13_79.02,20.128015786163523,79.02292641509435,159,130,1.582389937106918
20.13_79.03,20.128698333333332,79.02568277777777,18,15,2.427777777777778
20.14_79.01,20.136996666666665,79.014185,6,6,1.0883333333333334
20.14_79.02,20.136458,79.01642266666666,15,14,1.218
20.21_72.81,20.2105125,72.81137416666667,12,8,1.4941666666666666
20.24_86.6,20.2427575,86.60288625,80,70,2.6195
20.24_86.61,20.242466285714286,86.60751721428572,280,235,2.493035714285714
20.25_86.6,20.245493,86.60202100000001,10,10,1.7870000000000001
20.25_86.61,20.245208333333334,86.60691000000001,6,5,3.8766666666666665
20.26_86.6,20.257430377358492,86.60110283018868,53,46,2.1437735849056603
20.35_72.95,20.354380000000003,72.94863333333333,3,3,0.7533333333333333
20.36_72.95,20.35607375,72.9491,8,8,0.95875
20.51_85.72,20.514260701754385,85.72414263157896,57,57,0.9940350877192982
20.51_85.73,20.514050731707318,85.72582585365853,41,41,0.9365853658536585
20.52_85.72,20.516873452380953,85.72384345238095,84,79,1.0370238095238096
20.52_85.73,20.515643636363638,85.72569575757575,33,32,1.103939393939394
20.53_85.91,20.53395,85.91479,1,1,0.7
20.54_85.91,20.53529,85.91367,1,1,0.53
20.69_78.63,20.69482,78.63467,1,1,0.94
20.69_78.64,20.694622222222222,78.63840444444445,9,9,1.0222222222222221
20.71_78.62,20.706162372881355,78.62182305084747,59,55,2.340338983050848
20.71_78.63,20.706833333333336,78.62534,3,3,1.5466666666666666
20.76_85.29,20.760910540540543,85.29261785373609,629,434,1.7725755166931638
20.76_85.3,20.760422398753892,85.29731934579439,321,216,2.284454828660436
20.77_85.29,20.76528,85.29489,1,1,5.4
20.78_85.25,20.78332142857143,85.25444,14,14,1.77
20.78_85.26,20.783897279102383,85.2605728050491,713,535,1.789368863955119
20.78_85.27,20.784008153846155,85.26671707692309,130,123,1.6024615384615384
20.79_85.25,20.793100533491405,85.25296131001778,1687,1058,4.234576170717249
20.79_85.26,20.788911577522004,85.26001789776574,2954,1148,2.810883547731889
20.79_85.27,20.78727158061117,85.2667633719705,949,746,1.8349420442571127
20.7_78.62,20.703160952380955,78.62156166666666,168,144,1.8164880952380953
20.7_78.63,20.6980975,78.632805,12,12,1.5158333333333334
20.7_78.64,20.696638947368424,78.63700457894737,190,181,1.4033684210526316
20.81_85.25,20.807222033898306,85.25436809322034,236,210,2.0590254237288135
20.81_85.26,20.807145708029196,85.25718981751824,1370,962,2.382167883211679
20.82_86.96,20.822255454545456,86.96281454545455,22,19,2.4354545454545455
20.82_86.97,20.820187999999998,86.966049,10,9,2.411
20.83_70.69,20.834137633928574,70.69281214285715,224,208,1.2124107142857141
20.83_70.7,20.834231304347828,70.6954508695652,23,22,1.3143478260869565
20.83_86.96,20.830269666666666,86.96209233333335,30,23,3.699666666666667
20.83_86.97,20.831163333333333,86.96562,3,3,5.6066666666666665
20.84_70.69,20.83596095959596,70.69302909090909,198,181,1.2352020202020202
20.84_70.7,20.83590825,70.69550525,40,40,1.033
20.84_86.96,20.83579,86.962875,2,2,2.505
20.86_79.24,20.86421,79.2435525,4,4,0.9450000000000001
20.86_79.28,20.8573,79.2847,1,1,2.05
20.86_79.29,20.858947540983607,79.28838524590164,122,109,1.151639344262295
20.86_84.99,20.863917826086958,84.99256695652173,506,440,1.8690711462450593
20.86_85.0,20.864010960451978,84.99636830508474,177,169,1.8385310734463278
20.87_70.56,20.868345,70.564715,4,4,0.8049999999999999
20.87_70.57,20.868234827586207,70.56585862068965,29,29,0.856896551724138
20.87_71.4,20.868606923076925,71.39726358974359,39,39,0.9356410256410257
20.87_79.24,20.86507,79.24314,1,1,1.17
20.87_84.99,20.867515806709264,84.99184985623003,1252,764,2.1532667731629394
20.87_85.0,20.868011945945945,84.9962592972973,370,303,2.987378378378378
20.88_84.98,20.88382094117647,84.98203454117646,425,351,2.083458823529412
20.88_84.99,20.87806769230769,84.98888923076923,13,13,1.3853846153846154
20.89_84.97,20.89087,84.97482,1,1,1.87
20.89_84.98,20.887790605794557,84.98140698858649,1139,674,2.371589113257243
20.89_84.99,20.886808695652174,84.98704869565218,23,21,2.342173913043478
20.8_85.25,20.79644679337232,85.2529788791423,1026,750,3.799678362573099
20.8_85.26,20.799467219787104,85.25761394489669,1597,882,2.534815278647464
20.91_71.46,20.910187796762592,71.45935697841726,1112,889,1.4113938848920864
20.92_86.04,20.923224166666667,86.042855,72,70,0.92125
20.93_86.04,20.92546,86.04226,2,2,0.505
20.94_85.0,20.944364999999998,85.00452,2,2,1.9100000000000001
20.94_85.01,20.943999,85.009077,10,10,2.181
20.94_86.05,20.9431045814978,86.0541955506608,227,218,1.694669603524229
20.94_86.06,20.942130898321818,86.05846310957551,1013,667,1.6727344521224088
20.95_85.0,20.951843,85.004357,10,9,1.723
20.95_85.01,20.952011099744244,85.009585370844,391,265,2.101790281329923
20.95_85.02,20.954297857142855,85.01540071428572,14,14,1.4371428571428573
20.95_85.14,20.95474,85.14452,1,1,0.61
20.95_85.15,20.95468333333333,85.14675666666666,3,3,1.5466666666666666
20.95_86.04,20.951421818181817,86.04451454545455,11,10,2.331818181818182
20.95_86.05,20.95114055586437,86.04862914952751,1799,996,2.6404891606448024
20.95_86.06,20.945520425531917,86.05628595744682,47,45,1.6893617021276597
20.96_85.0,20.95627,85.00469749999999,4,4,0.9775
20.96_85.01,20.956699221789883,85.0107792996109,257,214,1.8099610894941636
20.96_85.02,20.958244821428572,85.01598160714286,56,47,1.9326785714285715
20.96_85.12,20.9606425,85.1247,4,4,1.3125
20.96_85.13,20.96158793103448,85.12729448275861,29,28,1.976896551724138
20.96_85.14,20.957867053571427,85.14358455357142,224,216,1.133392857142857
20.96_85.15,20.96165820866142,85.15172192913387,508,390,2.263129921259843
20.96_85.16,20.962146445652174,85.158681,920,591,2.526869565217391
20.96_85.17,20.96246826621339,85.17126134675732,3824,1223,3.00696129707113
20.96_85.18,20.961779187311176,85.17923500906345,3310,1001,2.991812688821752
20.96_85.19,20.962164126637553,85.18817073508006,1374,768,2.3190829694323143
20.96_85.2,20.96288,85.19575,1,1,3.89
20.96_86.0,20.963194836601307,86.00420437908497,153,141,2.024640522875817
20.96_86.01,20.96322783082077,86.00884783919598,1194,684,3.6568425460636518
20.96_86.02,20.963852727272727,86.01615318181818,22,21,4.62
20.96_86.05,20.96334611872146,86.05045771689498,219,190,1.5511872146118721
20.97_85.02,20.968991000000003,85.0208528,50,38,1.8658
20.97_85.03,20.96969358974359,85.02656076923077,39,37,1.24
20.97_85.12,20.97298347826087,85.12386782608696,23,21,1.2917391304347827
20.97_85.13,20.9725924537037,85.1326562962963,216,195,1.7947222222222223
20.97_85.14,20.972540457142856,85.13815137142858,350,277,1.937142857142857
20.97_85.15,20.96819745192308,85.1520173076923,624,468,2.066346153846154
20.97_85.16,20.96761224111283,85.16003525502319,647,438,1.9508037094281299
20.97_85.17,20.96923514508329,85.17038835572274,3722,1192,2.637635679742074
20.97_85.18,20.96871159090909,85.17719688087774,1276,737,2.883847962382445
20.97_85.19,20.96557,85.18951019047618,105,98,1.7763809523809524
20.97_86.0,20.971346064572426,86.00302264397907,1146,771,1.9744328097731239
20.97_86.01,20.968221694537345,86.0109593199554,1794,908,3.277931995540691
20.97_86.02,20.96843501305483,86.01666347258485,383,318,2.7531853785900786
20.97_86.05,20.96563975609756,86.05002170731707,41,38,1.2226829268292683
20.98_85.12,20.98324,85.12495,1,1,2.07
20.98_85.13,20.978682677484787,85.13191710953346,986,560,2.251997971602434
20.98_85.14,20.9782194044665,85.13830107526883,1209,660,2.2445492142266334
20.98_85.15,20.977945385416668,85.1470498125,960,707,1.8582708333333333
20.98_85.16,20.976168095238094,85.16453666666666,21,21,1.697142857142857
20.98_85.17,20.97621192037471,85.16887761124121,427,355,2.1866276346604216
20.98_85.18,20.97549,85.175225,2,2,1.085
20.98_86.0,20.975881940298507,86.00437597014925,67,65,1.3902985074626866
20.98_86.01,20.97584282722513,86.00634000000001,191,181,1.6884293193717277
20.99_85.13,20.986061222222222,85.1287588888889,90,75,1.4341111111111111
20.99_85.14,20.985226666666666,85.13709999999999,6,6,2.1616666666666666
20.99_86.01,20.99451,86.01335407407407,27,27,2.525925925925926
20.99_86.02,20.994381666666666,86.0159,6,6,2.235
21.06_85.03,21.06493,85.03486,1,1,1.61
21.06_85.04,21.06482,85.03864,1,1,1.03
21.07_85.03,21.07200948979592,85.03423857142856,98,87,1.9096938775510204
21.07_85.04,21.072926771653545,85.04066030371203,889,630,1.9440494938132733
21.07_85.05,21.07429527777778,85.0454113888889,36,36,2.3255555555555554
21.08_85.03,21.07870249435666,85.03338021444695,886,642,2.2576523702031603
21.08_85.04,21.078153528230867,85.03971003011291,3985,1172,2.8142132998745293
21.08_85.05,21.07690278409091,85.04547085227273,176,159,3.2329545454545454
21.09_72.65,21.09233770642202,72.65285036697247,109,82,3.5048623853211005
21.09_72.66,21.0912,72.65593,1,1,3.34
21.0_86.01,20.997927999999998,86.01260752173914,230,166,2.554304347826087
21.0_86.02,20.9980312,86.0184236,100,81,2.8397
21.0_86.03,21.000489125,86.026343,80,70,1.2581250000000002
21.11_72.63,21.10853727482679,72.63174076597383,2598,989,4.6366551193225565
21.11_72.64,21.108200310928215,72.6402266438043,2187,1088,4.2552903520804755
21.11_72.65,21.106924621276594,72.64705070638298,2350,1288,6.926506382978724
21.15_72.73,21.153014499999998,72.73376316666666,60,57,1.9623333333333333
21.15_72.74,21.152937495183046,72.73818857418112,519,350,2.2471868978805394
21.16_72.73,21.15598303030303,72.73360424242424,33,31,2.166969696969697
21.16_72.74,21.155742147239263,72.73811386503068,163,126,2.208834355828221
21.18_81.37,21.17941,81.3745,1,1,1.18
21.18_81.38,21.181837282608697,81.38164992753623,276,241,1.6880072463768117
21.18_81.39,21.178654555555553,81.38712466666667,90,86,2.523888888888889
21.19_81.2,21.190139659090907,81.19895727272727,88,87,0.9651136363636365
21.19_81.21,21.188818333333334,81.20992833333334,6,6,0.7483333333333334
21.19_81.38,21.18528125,81.382075,8,8,1.08875
21.19_81.39,21.189416717123933,81.39106190160832,1057,716,2.278268684957427
21.19_81.4,21.19399775,81.39679325,40,38,1.7432500000000002
21.19_81.41,21.19341638095238,81.41412628571427,105,98,3.7618095238095237
21.19_81.42,21.193471195121948,81.4171637317073,410,323,3.835707317073171
21.1_72.63,21.102604418960244,72.63329749235474,654,482,4.421330275229358
21.1_72.64,21.102913510583377,72.63909119256583,1937,922,5.52623128549303
21.1_72.65,21.103414789644013,72.64760368932039,1545,993,5.494375404530744
21.1_72.66,21.0962125,72.65621250000001,4,4,3.1325000000000003
21.23_79.63,21.233116866267466,79.62973399201597,501,425,1.473812375249501
21.24_79.22,21.24409319018405,79.22328239263804,163,155,1.4531288343558284
21.24_79.23,21.242520975609757,79.22880951219513,82,77,1.4339024390243902
21.24_79.24,21.2396,79.23547,3,3,0.98
21.24_79.63,21.235483898305084,79.63059338983051,59,56,1.3255932203389829
21.24_81.38,21.239736999999998,81.384713,10,9,0.861
21.24_81.39,21.2393316,81.3864104,75,73,0.9404
21.24_81.77,21.244369523809524,81.77060666666667,21,19,0.9799999999999999
21.25_79.22,21.246757585551332,79.22301847908744,526,436,1.7059315589353614
21.25_79.23,21.24652212598425,79.22566748031497,127,124,1.5996062992125986
21.25_81.77,21.2459342,81.770337,50,50,0.9466
21.26_79.18,21.26479,79.18113,1,1,0.45
21.27_79.18,21.268025806451615,79.18121290322581,31,29,2.0474193548387096
21.2_81.39,21.1960665,81.39287325000001,40,38,2.61725
21.2_81.4,21.19708603773585,81.3974203773585,106,93,2.1250943396226414
21.2_81.41,21.19660318181818,81.41394761363637,88,80,3.657840909090909
21.2_81.42,21.19659743315508,81.41712764705882,374,306,4.363395721925134
21.31_81.58,21.307074999999998,81.584625,2,2,0.42000000000000004
21.31_81.59,21.310021312883435,81.5910089202454,815,701,1.0715460122699385
21.32_81.58,21.3242475,81.5786875,8,8,0.8375
21.33_81.58,21.325746000000002,81.578646,5,5,0.51
21.34_81.66,21.344327272727273,81.66412159090909,44,44,1.2727272727272727
21.34_81.67,21.342595566037737,81.6701284591195,318,263,0.9061949685534592
21.35_81.66,21.34739894514768,81.66397801687764,237,209,1.660084388185654
21.35_81.67,21.347122414965988,81.66622887755102,294,263,1.5876190476190475
21.36_81.64,21.36432,81.64455086956522,23,23,1.2730434782608697
21.36_81.65,21.363673092783507,81.65058103092784,291,231,1.3556701030927836
21.36_81.66,21.36362,81.65534,1,1,1.67
21.36_81.67,21.36211,81.67405000000001,3,3,1.5733333333333333
21.36_81.68,21.364375229357798,81.67840931192661,218,199,1.6598165137614678
21.36_81.69,21.364328333333333,81.68538833333334,6,6,1.3433333333333335
21.37_81.64,21.372531441860463,81.64170144186048,215,183,1.8070232558139534
21.37_81.65,21.36589310679612,81.64963058252427,103,102,1.291650485436893
21.37_81.66,21.365524999999998,81.65515500000001,2,2,0.7949999999999999
21.37_81.68,21.36964861253854,81.6798552004111,973,679,1.6658067831449126
21.37_81.69,21.37146230769231,81.68585253846155,130,128,1.2719999999999998
21.38_81.64,21.376856422764227,81.64115787601627,984,731,1.7616666666666667
21.38_81.65,21.378748588235293,81.64824423529411,85,80,1.246235294117647
21.38_81.66,21.38241400921659,81.65655497695853,217,205,1.0883870967741935
21.38_81.68,21.377431963315217,81.68063223505435,1472,1002,1.9370788043478262
21.38_81.69,21.37526,81.68566,1,1,2.15
21.39_81.64,21.389523223140497,81.64442388429752,121,115,1.6590909090909092
21.39_81.65,21.389524660766963,81.64685849557522,1017,830,1.59086529006883
21.39_81.66,21.38565,81.6572525,4,4,0.9825
21.3_81.6,21.298896274509804,81.60467235294117,51,51,0.9886274509803922
21.3_81.61,21.298809784688995,81.60720392344498,418,348,1.1608612440191388
21.3_81.62,21.29748727272727,81.61582363636363,11,11,0.9290909090909092
21.43_72.98,21.43255,72.97690733333334,15,14,1.6099999999999999
21.48_81.77,21.484601463414634,81.76886731707317,82,76,1.1657317073170732
21.49_81.76,21.487265,81.76395500000001,2,2,2.025
21.49_81.77,21.48706809656453,81.76892092850511,1077,848,1.3756545961002784
21.53_86.83,21.531221641791046,86.83301880597014,67,63,0.8465671641791045
21.54_81.95,21.543278479532162,81.94743245614035,171,159,1.2763157894736843
21.55_81.75,21.5549,81.74908,1,1,0.47
21.55_81.95,21.545399200000002,81.94741760000001,25,25,1.0832000000000002
21.56_81.75,21.556933870967743,81.74933580645161,31,29,0.7770967741935484
21.57_82.02,21.5747675,82.02379,8,8,1.46125
21.58_82.02,21.576815243445694,82.02277561797753,267,256,1.408239700374532
21.58_82.03,21.57663,82.02511000000001,5,5,1.208
21.5_81.78,21.497177241379312,81.78297965517243,29,28,0.903448275862069
21.63_82.11,21.63088864864865,82.11226189189189,37,37,0.8243243243243243
21.67_82.08,21.672614363277393,82.08138620927936,1013,789,1.5009674234945707
21.67_82.09,21.673715,82.0851625,4,4,1.6175
21.67_84.04,21.673375833333335,84.040974375,96,90,1.1839583333333332
21.68_82.08,21.67541482142857,82.08086625,56,52,1.3992857142857142
21.68_82.09,21.67537,82.0862,1,1,8.04
21.68_84.03,21.67877888888889,84.03422972222222,36,30,2.1983333333333333
21.68_84.04,21.679486057101553,84.03928252620166,2767,1169,2.1695627032887606
21.68_84.05,21.6833,84.04625,1,1,4.6
21.68_85.44,21.68479,85.436755,2,2,0.715
21.69_72.6,21.6932348,72.6030266,50,42,4.7032
21.69_72.61,21.6931156097561,72.6062643902439,41,36,3.1936585365853656
21.71_84.04,21.71411975609756,84.04127219512195,41,41,0.7585365853658537
21.72_84.04,21.715372222222225,84.04097888888889,9,9,0.6544444444444444
21.73_82.21,21.730862302839117,82.21376731861199,317,299,1.314763406940063
21.73_82.22,21.73102375,82.21575217105264,152,144,1.1811184210526315
21.73_83.84,21.734104347826086,83.84325391304347,23,21,3.8404347826086958
21.73_83.98,21.733340892857143,83.98090526785714,112,104,1.3292857142857142
21.73_83.99,21.731659491525424,83.98677288135593,59,57,1.1249152542372882
21.74_83.82,21.743407692307695,83.82069,26,22,1.5857692307692308
21.74_83.84,21.73924806818182,83.84130056818182,88,72,1.808409090909091
21.74_83.85,21.73706,83.84693,1,1,1.09
21.74_83.98,21.73546,83.9803506060606,33,32,1.0303030303030303
21.75_83.82,21.749314090909092,83.81827681818181,22,17,1.945
21.75_83.84,21.75236240601504,83.84117471177944,399,350,1.4468421052631577
21.75_84.02,21.75386687898089,84.02335097664545,471,413,1.9877070063694269
21.75_84.03,21.75392346368715,84.02581290502793,179,173,2.022122905027933
21.76_83.82,21.76494,83.81892,1,1,0.6
21.76_83.84,21.759066837387966,83.84249481434058,1562,785,1.9972343149807938
21.76_83.85,21.760204326923077,83.84652214743589,312,270,1.7216666666666665
21.76_84.01,21.76445,84.01474999999999,2,2,3.32
21.76_84.02,21.760546546275396,84.02139819413092,2658,1085,2.337994732881866
21.76_84.03,21.7584804,84.02586422222222,450,375,2.106177777777778
21.76_85.58,21.7642475,85.57937,20,20,0.6775
21.77_83.82,21.770971489361703,83.82239723404255,47,39,2.6291489361702127
21.77_83.83,21.77347783018868,83.8286733018868,106,85,2.258679245283019
21.77_83.84,21.77453375,83.83624625,8,8,1.16
21.77_84.01,21.767486666666667,84.01479499999999,6,6,2.638333333333333
21.77_84.02,21.76811615655853,84.01994118829337,2836,1136,2.089234837799718
21.77_84.03,21.7668995,84.02603404999999,200,190,1.86785
21.77_85.58,21.765499285714288,85.57976857142856,14,14,0.7864285714285714
21.78_83.82,21.77577666666667,83.82415,3,3,1.2566666666666666
21.78_83.83,21.77806727668845,83.83131167755991,459,288,1.9155773420479303
21.78_83.84,21.779743781512604,83.83658159663865,119,99,1.7742857142857142
21.79_72.64,21.79405,72.6445,2,2,1.1099999999999999
21.79_72.65,21.793648684210524,72.64780236842105,38,37,2.8063157894736843
21.79_83.88,21.793668490566034,83.88409396226415,53,51,1.5241509433962264
21.79_83.89,21.79108362745098,83.8867443137255,102,86,1.3719607843137254
21.79_83.99,21.79415453488372,83.98921081395349,86,85,1.03046511627907
21.7_72.6,21.695961666666665,72.60335125,24,22,5.411666666666666
21.7_72.61,21.696068571428572,72.60707857142857,21,15,5.556190476190476
21.7_84.03,21.69815880952381,84.03203023809523,42,40,0.6747619047619048
21.7_84.04,21.6959,84.03584,1,1,3.22
21.81_83.88,21.805452857142857,83.88400714285714,7,7,1.3771428571428572
21.81_83.89,21.805521,83.886823,10,10,1.578
21.82_83.89,21.82081857142857,83.89371523809524,21,19,1.510952380952381
21.82_83.9,21.82040692307692,83.89616576923078,26,25,1.7557692307692307
21.82_83.99,21.81845714285714,83.99399967032967,91,85,1.0603296703296703
21.82_84.0,21.8205064,83.9963098,100,84,1.0325
21.85_84.93,21.847400000000004,84.92607333333333,3,3,0.5266666666666667
21.86_83.96,21.85842888888889,83.96465888888889,9,9,1.6855555555555555
21.86_83.97,21.85904175531915,83.96683574468085,188,174,1.2762765957446809
21.87_83.49,21.87468693877551,83.49411755102041,49,49,1.0808163265306123
21.87_83.5,21.874588839285714,83.49629955357143,112,111,1.092857142857143
21.88_83.49,21.876334980392155,83.49422729411765,255,247,1.2526274509803923
21.88_83.5,21.876608167053362,83.49627218097447,431,407,1.172320185614849
21.88_83.54,21.878590000000003,83.54491,2,2,0.425
21.88_83.55,21.878510366197183,83.55280808450703,710,589,1.254830985915493
21.88_83.56,21.878418031809144,83.55602952286281,503,462,1.1832405566600397
21.89_82.05,21.8876535,82.05300183333334,60,59,0.6685
21.89_83.55,21.88665307692308,83.55191461538462,13,13,0.8853846153846153
21.8_72.64,21.7954,72.64471,1,1,1.71
21.8_72.65,21.795807826086957,72.64777826086956,23,20,2.6447826086956523
21.8_83.88,21.79825214285714,83.88389696428571,56,56,1.3855357142857143
21.8_83.89,21.800121923076922,83.88650438461538,130,118,1.3748461538461538
21.8_83.99,21.79576156626506,83.98902240963855,83,80,1.0881927710843373
21.8_85.56,21.80312,85.56493,1,1,0.67
21.8_85.57,21.80076,85.56627666666667,6,6,0.6316666666666667
21.91_72.68,21.90994,72.68173,1,1,1.57
21.91_72.75,21.906929444444444,72.75397777777778,18,17,0.9677777777777778
21.91_72.76,21.906346199999998,72.7569832,50,45,1.2434
21.91_83.35,21.914546829268293,83.3535956097561,41,41,1.0985365853658537
21.91_83.36,21.91442,83.3552425,4,4,0.9750000000000001
21.92_83.33,21.92441,83.334705,2,2,2.25
21.92_83.34,21.924155053380783,83.33977955516013,562,456,2.877455516014235
21.92_83.35,21.921059502671596,83.35081950678175,4866,1289,3.382478421701603
21.92_83.36,21.919543363636365,83.35565463636362,110,92,2.4533636363636364
21.92_85.22,21.92426548387097,85.22285935483872,31,26,1.533548387096774
21.93_83.33,21.92621625,83.33488249999999,8,8,3.68125
21.93_83.34,21.92732855967078,83.33871977366256,486,371,2.8724279835390947
21.93_83.35,21.926527157894736,83.34946347368421,190,168,2.0477368421052633
21.93_83.36,21.92607,83.35593,1,1,2.23
21.93_85.22,21.930249994815966,85.22097669777087,1929,1043,1.3940072576464488
21.93_85.23,21.93012818181818,85.22551,11,11,1.2745454545454544
21.94_83.5,21.94276,83.49826,1,1,0.38
21.97_85.31,21.968505224586288,85.31340283687943,423,384,0.7959101654846336
21.97_85.32,21.96830368421053,85.31550561403509,114,109,0.7560526315789473
21.98_83.23,21.98373189081225,83.23237671105193,751,655,1.7694141145139812
21.98_83.24,21.980605496183205,83.23921938931298,131,120,1.5121374045801528
21.99_83.23,21.98603976277372,83.2325624270073,548,499,1.610748175182482
21.99_83.24,21.985923461538462,83.23541653846154,26,26,1.426153846153846
21.99_83.36,21.98563,83.36494,1,1,0.38
21.99_83.37,21.98726,83.36617,1,1,0.37
21.99_85.32,21.991455625,85.32460921875,64,64,0.82109375
21.99_85.33,21.99070983766234,85.32661253246754,308,294,0.7955844155844155
21.9_72.75,21.90413571428571,72.75411714285714,7,7,1.0114285714285713
21.9_72.76,21.904204444444442,72.75708944444445,18,18,1.0244444444444445
22.01_82.67,22.00612522133939,82.6704543246311,881,669,1.7729625425652669
22.01_82.68,22.005793333333333,82.67514,3,3,2.033333333333333
22.01_83.33,22.008154074074074,83.32885296296297,27,26,0.7314814814814815
22.02_83.38,22.02207109375,83.3795898263889,576,517,1.2201736111111112
22.02_83.75,22.01786,83.75328333333333,3,3,1.7066666666666668
22.03_83.35,22.033972727272726,83.35358863636363,22,21,1.4895454545454547
22.03_83.36,22.03261552927928,83.36169209459459,888,577,1.455427927927928
22.03_83.37,22.03077241635688,83.36616442379183,269,247,1.3121561338289962
22.03_83.73,22.034345833333333,83.73113833333333,12,12,1.0966666666666667
22.03_83.74,22.032384864130435,83.74347616847827,368,302,2.5727445652173913
22.03_83.75,22.032891028571427,83.74590371428572,175,156,2.584914285714286
22.04_83.35,22.038304237288134,83.35186328197227,1298,795,1.624352850539291
22.04_83.36,22.036246470588235,83.35877988235295,85,82,1.3816470588235295
22.04_83.72,22.041991666666664,83.72449,6,5,6.273333333333333
22.04_83.73,22.041691652747254,83.73170894505495,2275,598,6.316654945054945
22.04_83.74,22.040704465376784,83.7382383299389,1964,860,4.47122199592668
22.04_83.75,22.0364345,83.745867375,80,74,1.938
22.05_83.72,22.051569999999998,83.72485333333333,3,3,2.436666666666667
22.05_83.73,22.046887311320756,83.73112103773585,424,306,4.261698113207547
22.05_83.74,22.045703125,83.73703958333333,96,80,2.2763541666666667
22.05_85.46,22.053638829787236,85.4638964893617,282,274,1.0322340425531915
22.05_85.47,22.0536616,85.46603763636362,275,267,0.9839272727272727
22.05_88.1,22.050626315789472,88.10247319298246,285,211,2.3781754385964913
22.05_88.11,22.050479814814818,88.10614055555556,54,50,2.883518518518519
22.05_88.12,22.05303374340949,88.1232534797891,1138,832,2.3912214411247805
22.05_88.13,22.053125711086224,88.12640594624861,893,704,2.437144456886898
22.06_83.72,22.058162885572138,83.72341184079602,603,460,2.025854063018242
22.06_83.73,22.0575080861244,83.72644820574163,418,331,2.2591626794258373
22.06_85.46,22.055693333333334,85.4639535042735,117,116,0.9757264957264957
22.06_85.47,22.05555201923077,85.46602,104,103,0.9494230769230769
22.06_88.11,22.059064457831326,88.11311060240963,83,80,0.8059036144578313
22.06_88.12,22.05850633762518,88.12265864091559,699,515,2.522360515021459
22.06_88.13,22.05641919395466,88.12635551637278,397,337,2.229219143576826
22.07_83.7,22.066774666666667,83.70354266666666,15,14,0.7893333333333333
22.07_83.71,22.066651333333333,83.70584266666667,15,15,0.7626666666666666
22.07_88.12,22.066046814814815,88.12112377777778,135,113,4.118222222222222
22.07_88.13,22.066068,88.125432,5,5,2.066
22.08_84.86,22.0833426,84.86192360000001,50,46,0.5594
22.09_84.86,22.0851,84.86138,1,1,0.41
22.09_88.11,22.088485,88.1113505,40,35,1.29775
22.0_82.67,22.003440195058516,82.66962522106631,1538,988,2.1241742522756826
22.11_83.12,22.10614024154589,83.12098280193237,207,178,1.699951690821256
22.11_83.13,22.106536666666667,83.12567333333334,3,3,0.9133333333333334
22.11_83.52,22.10689924170616,83.5237744549763,211,168,1.9986729857819905
22.11_83.53,22.10709175141243,83.5262072881356,177,151,2.0644067796610166
22.11_83.54,22.114116250000002,83.5428375,8,7,0.7725
22.13_72.76,22.1291565,72.7639905,20,20,0.616
22.13_72.77,22.12902928571429,72.76614964285714,28,27,0.5353571428571429
22.13_85.38,22.13311390909091,85.38258479545455,440,407,0.7578636363636363
22.13_85.41,22.131298333333334,85.41478833333333,6,6,0.7466666666666667
22.13_85.42,22.131242750000002,85.41749045,200,181,0.6823
22.14_85.38,22.135652,85.38251399999999,25,24,0.846
22.14_85.41,22.137554,85.414378,5,5,0.6719999999999999
22.14_85.42,22.136844,85.416206,5,5,0.8560000000000001
22.17_85.43,22.167932,85.434637,10,10,0.5700000000000001
22.17_85.44,22.16791156626506,85.43640759036145,83,81,0.5443373493975904
22.1_83.12,22.10343968838527,83.11953050991501,353,257,2.061331444759207
22.1_83.13,22.10376,83.12534,1,1,0.87
22.1_83.52,22.10413,83.52366568965518,58,55,1.8225862068965517
22.1_83.53,22.104275476190477,83.52605928571428,42,41,1.7180952380952381
22.1_84.37,22.098876818181818,84.3747009090909,22,22,0.5581818181818182
22.1_84.38,22.098769130434786,84.37638773913042,115,112,0.584
22.21_84.84,22.212165811138014,84.84186322033898,413,316,2.0692009685230026
22.21_84.85,22.20818517890772,84.84801911487759,531,400,1.5783427495291902
22.21_84.86,22.210249978296254,84.86189100379816,1843,912,1.9943190450352688
22.21_84.87,22.211894217736123,84.8693679596251,1387,727,2.1628622927180965
22.21_84.88,22.21097637813212,84.87748141230068,439,339,1.976765375854214
22.22_84.7,22.221625,84.69662100000001,10,10,0.528
22.22_84.75,22.22198212121212,84.75263993939394,495,377,1.3675757575757577
22.22_84.76,22.22115475265018,84.75781201413427,566,462,1.2758480565371024
22.22_84.84,22.2153665,84.84112,20,20,1.9135000000000002
22.22_84.86,22.215318888888888,84.86341555555556,9,9,1.0966666666666667
22.22_84.87,22.215629612403102,84.86905100775193,129,115,1.5779069767441862
22.22_84.88,22.216685675675677,84.87769297297297,37,35,1.1600000000000001
22.23_84.75,22.22619155844156,84.75232318181818,154,138,1.19987012987013
22.23_84.76,22.226390000000002,84.758336,10,9,0.8710000000000001
22.24_87.39,22.24353859375,87.38893656249999,320,281,1.3813125
22.25_87.39,22.246200354330707,87.38868637795277,254,225,1.3743307086614172
22.26_75.13,22.263995798969074,75.13273871134021,388,360,1.4485567010309277
22.26_75.14,22.264118333333336,75.1359530952381,42,42,1.2597619047619046
22.27_75.13,22.266073827493262,75.13266164420484,371,335,1.323423180592992
22.27_75.14,22.2659943902439,75.13563121951219,41,41,1.2714634146341461
22.2_84.58,22.201970071428573,84.57775778571428,140,137,0.8332857142857143
22.2_84.85,22.203562758620688,84.84825103448276,87,81,1.2577011494252874
22.31_82.51,22.31441666666667,82.51480666666667,3,3,0.8466666666666667
22.31_82.52,22.31371878172589,82.52178796954315,197,171,1.3871065989847715
22.31_82.53,22.313192321839082,82.52983344827587,435,295,1.668229885057471
22.31_82.54,22.3144752,82.5354976,25,25,0.8032
22.31_82.56,22.3141675,82.55973,4,4,0.9025
22.31_82.74,22.31379642857143,82.73909714285715,14,14,1.7850000000000001
22.31_84.77,22.313840727272726,84.76767372727274,110,110,0.8171818181818182
22.32_69.88,22.32271666666667,69.88087333333333,3,3,9.596666666666666
22.32_82.51,22.31828,82.51437555555556,9,9,2.148888888888889
22.32_82.52,22.31714921875,82.520399296875,128,113,1.5792187500000001
22.32_82.53,22.316670612813372,82.53256860724234,359,312,1.527158774373259
22.32_82.54,22.320473658536585,82.53795735191638,287,238,1.4361672473867597
22.32_82.55,22.32422888888889,82.54768666666666,9,9,1.1733333333333333
22.32_82.56,22.320719968051115,82.56206118210862,313,202,2.3199041533546327
22.32_82.57,22.32158683544304,82.56620886075949,79,66,1.9143037974683543
22.32_82.59,22.32257158730159,82.5909238095238,126,104,2.3154761904761907
22.32_82.6,22.322846451612904,82.59830569892473,93,76,2.293548387096774
22.32_82.65,22.323242,82.65477200000001,5,5,1.1019999999999999
22.32_82.66,22.3232868627451,82.65968232492997,357,226,1.6522689075630252
22.32_82.67,22.32426306122449,82.6719906122449,49,44,1.3404081632653062
22.32_82.68,22.324398074074075,82.67962518518519,135,120,1.3986666666666667
22.32_82.69,22.32420951219512,82.68604756097561,41,37,2.3982926829268294
22.32_82.73,22.31767285714286,82.73446857142856,7,7,1.0728571428571427
22.32_82.74,22.31798666666667,82.73682719298245,57,55,1.1985964912280702
22.32_84.77,22.3154153125,84.7676328125,32,32,0.695625
22.33_69.73,22.332805,69.73428000000001,4,4,1.715
22.33_69.74,22.331443636363637,69.73677136363636,22,18,2.3181818181818183
22.33_69.75,22.330440160000002,69.7495332,125,121,1.5529600000000001
22.33_69.85,22.33487,69.85265,1,1,4.02
22.33_69.87,22.33458261904762,69.86804,42,41,2.3728571428571428
22.33_82.52,22.32645,82.52143,4,4,0.9875
22.33_82.53,22.330624262820514,82.53264663461539,312,299,1.1706730769230769
22.33_82.54,22.330145529411766,82.54025188235293,170,126,2.0095882352941175
22.33_82.55,22.326339333333333,82.54809066666667,15,15,1.3840000000000001
22.33_82.56,22.32553,82.56149333333333,9,7,1.6944444444444444
22.33_82.57,22.32907916666667,82.57176625,24,24,1.3245833333333332
22.33_82.58,22.332905,82.575225,2,2,1.9250000000000003
22.33_82.59,22.325892195121952,82.59006097560976,41,33,2.5039024390243902
22.33_82.6,22.32996407327586,82.60301047413793,464,354,1.795581896551724
22.33_82.61,22.331395662650603,82.60624378313253,415,369,1.3240722891566266
22.33_82.62,22.333684918032784,82.61913327868852,61,56,1.298360655737705
22.33_82.63,22.33351,82.625485,2,2,1.135
22.33_82.65,22.330887330895795,82.65263031078611,547,328,2.1192870201096894
22.33_82.66,22.329701210191082,82.65885670912951,942,499,2.27723991507431
22.33_82.67,22.326694705882353,82.67315911764706,68,65,1.5636764705882353
22.33_82.68,22.326543975308642,82.68064419753087,405,290,1.5080493827160493
22.33_82.69,22.32681675531915,82.68616813829787,188,172,1.508031914893617
22.34_69.85,22.339215033557046,69.85405523489933,149,140,2.2902013422818794
22.34_69.86,22.339204429530202,69.85615362416108,149,140,2.305973154362416
22.34_69.87,22.336319289617485,69.86779448087431,183,176,2.288360655737705
22.34_69.88,22.343525,69.88039166666667,6,6,0.9883333333333333
22.34_82.54,22.335135,82.54022499999999,2,2,1.515
22.34_82.62,22.336843,82.6222653,100,75,1.4645
22.34_82.63,22.336934,82.6254,5,5,0.9560000000000001
22.34_82.64,22.34027,82.6447,2,2,0.95
22.34_82.65,22.336877627118646,82.6519213559322,118,106,1.7567796610169493
22.34_82.66,22.337122553956835,82.65857895683453,278,143,3.8644244604316547
22.34_82.67,22.33675583333333,82.66612166666667,12,11,2.361666666666667
22.35_82.29,22.353385365853658,82.29323983739837,123,96,3.417723577235772
22.35_82.3,22.353957948717948,82.29974128205129,78,68,3.4337179487179483
22.35_82.31,22.353993333333335,82.30589416666666,12,12,2.3133333333333335
22.36_73.11,22.364066363636365,73.1133534090909,44,38,2.192727272727273
22.36_73.12,22.36412115789474,73.11712284210526,95,92,2.029157894736842
22.36_82.29,22.355771458333333,82.293333125,48,45,3.0610416666666667
22.36_82.3,22.35858642984014,82.3024993428064,563,239,3.736181172291296
22.36_82.31,22.357570325203252,82.30587016260164,123,104,3.388048780487805
22.36_87.01,22.363263863636362,87.014335,44,43,2.089318181818182
22.36_87.02,22.362870900163667,87.0178614729951,1222,825,1.7758919803600655
22.36_87.29,22.358126424870466,87.2896917789292,579,513,1.2653367875647668
22.36_87.3,22.36377401844532,87.30080151515152,759,556,2.4614888010540183
22.36_87.31,22.36159,87.30563,1,1,1.35
22.37_73.11,22.36607048192771,73.11348855421686,83,74,2.326265060240964
22.37_73.12,22.365976698113208,73.11761820754717,106,99,2.3888679245283018
22.37_87.01,22.366738961038962,87.01431285714285,77,71,2.083116883116883
22.37_87.02,22.36670975174554,87.01767371605897,1289,915,1.7952521334367726
22.37_87.28,22.374441029411766,87.2797194117647,68,62,1.36
22.37_87.3,22.36741539325843,87.30030437541308,1513,724,2.4404626569729015
22.37_87.31,22.3666925,87.30508499999999,4,4,2.1675
22.38_87.27,22.37798,87.2743459375,32,32,2.066875
22.38_87.28,22.377865331790122,87.2798538888889,2592,1185,2.5375617283950618
22.38_87.29,22.379854367816094,87.28914034482759,87,83,1.0326436781609196
22.39_85.77,22.391420434782606,85.77096826086957,46,44,0.6369565217391304
22.39_87.28,22.3877175,87.284865,4,4,0.9475
22.39_87.29,22.387543636363635,87.28571727272727,11,11,1.0436363636363637
22.41_69.04,22.4143538,69.03912030000001,100,94,1.2501
22.42_69.04,22.41714182361734,69.03959321375187,669,464,1.7134379671150972
22.4_69.02,22.400985284552846,69.0192725203252,123,123,0.936260162601626
22.59_85.9,22.590953862815883,85.90392861612516,831,631,1.3375210589651023
22.59_85.91,22.590335373317014,85.90615458996328,817,611,1.3064749082007345
22.63_75.57,22.629150714285714,75.56878642857143,42,42,0.7528571428571429
22.63_86.18,22.631042716049382,86.17838259259258,81,78,0.6422222222222222
22.6_85.9,22.595256,85.904124,5,5,0.9039999999999999
22.6_85.91,22.59519,85.906195,2,2,0.37
22.76_77.66,22.761210000000002,77.65708666666667,3,3,4.753333333333334
22.78_86.13,22.777675,86.12534,4,4,0.6124999999999999
22.78_86.2,22.783663063063063,86.20298601351351,444,358,2.0898423423423425
22.78_86.21,22.783995731707318,86.20631,164,147,2.8960975609756097
22.79_70.92,22.7913015,70.917672,20,18,1.802
22.79_86.19,22.791425210084032,86.19400529411764,238,207,2.134075630252101
22.79_86.2,22.789101785840085,86.19988016555125,2839,1117,2.5448538217682284
22.79_86.21,22.78991361757106,86.20829150387596,1935,978,2.3336434108527135
22.81_86.08,22.811974594594595,86.08360702702703,74,70,1.336081081081081
22.81_86.09,22.809957230392158,86.08809365196079,408,355,1.3490196078431371
22.82_86.08,22.81620117647059,86.08447117647059,17,16,1.04
22.82_86.09,22.81708982142857,86.08682428571429,56,54,0.81875
22.85_86.05,22.854803333333336,86.05469999999998,3,3,0.7033333333333333
22.85_86.06,22.854732857142857,86.05649357142856,14,14,0.795
22.86_86.05,22.856926585365855,86.05468402439024,82,79,0.8725609756097561
22.86_86.06,22.857159044481055,86.05674052718287,607,543,0.9474464579901154
22.87_86.06,22.873353528591352,86.06239861924686,717,592,1.3437517433751744
22.87_86.07,22.87349181818182,86.0655240909091,22,20,1.4127272727272726
22.87_88.21,22.872515,88.21334875,8,8,0.635
22.88_86.06,22.875836124567474,86.06232429065743,289,258,1.2547058823529411
22.88_86.07,22.87581,86.06574499999999,8,8,1.24625
22.8_86.09,22.80026083294771,86.09020724201758,2161,1120,1.6795465062471078
22.8_86.19,22.7961,86.19425692307692,13,13,1.2915384615384615
22.8_86.2,22.797461067615657,86.20130263345196,843,584,3.6014709371293
22.8_86.21,22.797438787148597,86.20740136546185,1245,722,5.619429718875502
22.91_69.69,22.90707,69.69494,1,1,0.72
22.91_69.7,22.90827025236593,69.6997702208202,317,275,1.276403785488959
22.91_69.87,22.90683,69.87265,1,1,0.75
22.91_86.07,22.91142287671233,86.0726205479452,73,70,0.7146575342465754
22.91_86.08,22.911,86.07506,1,1,0.49
22.92_69.82,22.924754,69.82290933333334,15,15,0.8413333333333333
22.92_69.83,22.9247,69.82540999999999,6,6,0.7966666666666667
22.93_69.7,22.93207288990826,69.70035417431193,218,173,1.1928899082568807
22.93_69.82,22.926528215384618,69.82335098461537,325,316,0.8756923076923078
22.93_69.83,22.9262938028169,69.82555830985915,71,70,0.9219718309859154
22.94_69.69,22.9375855,69.694773,20,20,0.7065
22.94_69.7,22.937686575342465,69.69774453767124,584,468,1.1741780821917809
22.96_86.0,22.96297866071429,85.99801526785714,112,111,0.5060714285714286
22.97_72.55,22.968828,72.55321,5,5,2.63
22.97_72.56,22.968315,72.555665,2,2,0.74
22.97_86.0,22.965130000000002,85.997625,2,2,0.405
22.98_72.56,22.978118271604938,72.56393,81,70,1.054074074074074
22.98_72.57,22.97809298245614,72.56644824561404,114,96,1.3603508771929826
22.99_72.59,22.988246376811595,72.58793652173912,69,64,0.7328985507246377
22.9_69.7,22.90454,69.7002,1,1,1.49
23.01_70.1,23.013513273942095,70.10285579064589,449,400,1.0166369710467706
23.01_70.11,23.013933750000003,70.10534541666667,24,24,1.0283333333333333
23.02_70.1,23.01571014184397,70.10277957446809,141,135,0.9514893617021276
23.02_70.11,23.015638181818183,70.10537454545455,11,11,0.7472727272727273
23.03_86.16,23.030683333333332,86.16086666666666,3,3,0.4066666666666667
23.11_70.08,23.113664444444442,70.0844288888889,18,18,1.0827777777777776
23.11_70.09,23.113432738095238,70.08655345238095,84,81,0.8645238095238096
23.11_70.18,23.10682,70.18384,1,1,0.77
23.11_70.19,23.10593972972973,70.18817490990992,222,215,0.8920270270270271
23.12_70.08,23.11982095238095,70.08370035714286,84,64,2.494404761904762
23.12_70.09,23.120182133333333,70.0864876,75,67,1.9117333333333333
23.16_82.33,23.163458598726116,82.3335641401274,157,128,2.8960509554140126
23.16_82.34,23.163836063829788,82.33891306990881,658,354,3.101519756838906
23.16_82.35,23.16486,82.34531,1,1,4.4
23.17_70.22,23.170646875,70.2179440625,32,32,0.6359375
23.17_82.33,23.166961058201057,82.33379894179895,189,141,3.2393650793650792
23.17_82.34,23.167703274070025,82.34096489606127,3656,1236,2.8495842450765863
23.17_82.35,23.168748203592813,82.3455483233533,167,150,2.0368862275449104
23.18_82.34,23.176405,82.34242868421053,38,34,1.1486842105263158
23.18_82.35,23.176097499999997,82.3453325,4,4,1.4725000000000001
23.1_70.18,23.103949999999998,70.184275,2,2,0.8799999999999999
23.1_70.19,23.104157213114753,70.1880137704918,183,174,0.9525683060109289
23.25_70.25,23.25462558139535,70.25206744186048,43,43,1.1372093023255814
23.26_70.25,23.25999905882353,70.25149992647059,680,520,1.4397794117647058
23.26_70.26,23.26124191860465,70.26064877906977,172,162,1.1174418604651162
23.26_70.27,23.257345,70.26581,2,2,1.125
23.26_70.28,23.264433333333333,70.28192,3,3,0.6366666666666666
23.27_70.25,23.265372,70.250588,10,10,1.027
23.27_70.26,23.266530793650794,70.2586808994709,189,171,0.9864550264550265
23.27_70.28,23.267397272727273,70.28151727272727,77,72,0.7219480519480519
23.31_70.2,23.31359762886598,70.19974711340205,97,94,0.6918556701030928
23.31_70.48,23.306527755102042,70.47770612244898,49,48,1.1208163265306124
23.31_70.49,23.314307323232324,70.48708686868687,198,197,1.1185353535353535
23.32_70.2,23.315524999999997,70.19983,6,6,0.5416666666666666
23.32_70.21,23.32495,70.21381,1,1,0.96
23.32_70.48,23.31556777777778,70.48471,9,9,1.0477777777777777
23.32_70.49,23.315943118644068,70.48705762711865,295,287,1.1217288135593222
23.33_70.21,23.32775357142857,70.21363571428572,56,50,0.8457142857142858
23.33_70.22,23.32706909090909,70.21540909090909,11,11,0.7772727272727273
23.36_83.22,23.361956231884058,83.22154072463769,138,115,1.2647826086956522
23.36_83.23,23.361217826086953,83.22589260869564,69,66,1.1439130434782607
23.37_83.22,23.36515,83.21879,1,1,1.55
23.3_70.48,23.304229210526316,70.47718671052633,76,72,1.015657894736842
23.41_72.36,23.41435,72.35655,1,1,0.45
23.41_72.41,23.407776153846154,72.4144523076923,13,12,0.7369230769230769
23.41_72.42,23.40815606741573,72.41710640449439,89,76,0.8502247191011236
23.42_72.35,23.41615,72.35264,1,1,0.45
23.42_72.36,23.41594,72.35709,1,1,0.83
23.43_68.71,23.429919909420292,68.71240163043478,552,474,1.2472282608695653
23.43_68.72,23.430271428571427,68.71525428571428,7,7,0.86
23.43_86.9,23.430922631578948,86.9010252631579,19,18,0.9147368421052631
23.48_87.35,23.482341076923074,87.35427107692307,65,63,0.9513846153846153
23.48_87.36,23.482648522388057,87.36008995522388,670,487,1.4437462686567164
23.48_87.37,23.484001578947368,87.36591842105263,19,19,1.5031578947368422
23.49_68.58,23.49462,68.57936,1,1,0.87
23.49_87.35,23.4853,87.35445,1,1,1.3
23.49_87.36,23.48592516129032,87.3632564516129,31,30,1.3429032258064517
23.49_87.37,23.486999746835444,87.36778670886076,79,73,1.3260759493670886
23.51_87.27,23.51448135135135,87.27275594594595,37,37,1.0591891891891891
23.51_87.28,23.510189244851258,87.27882167048055,437,347,1.0853775743707095
23.52_87.27,23.516516139240508,87.27246765822785,158,148,0.8783544303797468
23.52_87.28,23.515605714285716,87.2760557142857,7,7,0.9057142857142857
23.53_85.7,23.52918851851852,85.6989725925926,54,53,0.5192592592592592
23.55_86.54,23.548340300751878,86.54399409774436,266,254,1.125451127819549
23.55_86.55,23.54814905109489,86.5461051459854,274,267,1.0265328467153283
23.55_87.24,23.553441945525293,87.24063031128405,257,240,2.2152918287937746
23.55_87.25,23.548941565656563,87.2468592929293,198,191,1.583888888888889
23.56_87.08,23.561879184549355,87.08326025751073,466,365,1.55931330472103
23.56_87.09,23.563296688172045,87.0886111827957,465,404,1.1371612903225805
23.56_87.23,23.56046977924945,87.23101267108167,453,367,1.600728476821192
23.56_87.24,23.55894311509304,87.2397927980703,2902,1205,3.2146519641626465
23.56_87.25,23.5586625,87.246755,16,16,1.586875
23.57_87.08,23.56561,87.08309,1,1,1.1
23.57_87.09,23.565648759124088,87.08978569343066,137,129,0.9065693430656935
23.5_68.58,23.49750510204082,68.57805744897959,98,81,1.397142857142857
23.61_86.78,23.613384,86.784698,5,5,1.392
23.61_86.79,23.6135816496945,86.78936133401223,982,727,1.559521384928717
23.61_86.86,23.614415,86.86127827586206,58,58,0.7736206896551724
23.61_87.14,23.611547592592594,87.14426981481482,108,103,1.1381481481481481
23.61_87.15,23.609660550724637,87.14838057971014,690,520,1.2163768115942029
23.62_85.64,23.623621333333332,85.64208973333334,75,73,0.5594666666666667
23.62_85.65,23.62358857142857,85.65395428571428,7,7,0.4571428571428572
23.62_85.66,23.623875,85.655655,4,4,0.435
23.62_86.78,23.61691,86.78458,1,1,4.69
23.62_86.79,23.615996567656765,86.78989283828383,606,491,1.5093399339933993
23.62_86.86,23.617045925925925,86.86138007407408,135,121,0.7625185185185185
23.63_85.63,23.631517125,85.63114075,80,76,0.631875
23.63_85.64,23.625346363636364,85.64218454545454,11,11,0.5263636363636364
23.63_86.29,23.630194071428573,86.29186426190476,420,336,1.657595238095238
23.63_86.3,23.632417770270273,86.29709351351352,296,270,1.1414864864864864
23.64_85.4,23.64129666666667,85.39764483333333,60,59,0.5608333333333333
23.64_85.44,23.6444125,85.439815,4,4,1.1600000000000001
23.64_86.3,23.635660555555557,86.29998333333333,18,18,0.9022222222222221
23.65_85.44,23.648065770609318,85.43887899641578,279,183,1.4352329749103943
23.65_85.5,23.65498,85.50456,1,1,0.6
23.65_85.51,23.654744137931033,85.50767103448275,29,29,1.0310344827586206
23.65_85.57,23.6494925,85.56834321428572,28,28,0.7385714285714285
23.66_84.99,23.66455,84.99491,1,1,1.09
23.66_85.0,23.66374070175439,84.99906228070175,285,251,1.165017543859649
23.66_85.5,23.657662564102562,85.50444769230769,39,36,0.9830769230769232
23.66_85.51,23.656908585131895,85.5071852997602,417,362,0.9496402877697842
23.66_85.55,23.66294075471698,85.55223009433962,106,104,0.5459433962264151
23.66_86.44,23.659662978723404,86.44403829787234,94,91,1.0297872340425531
23.66_86.45,23.659477096774193,86.44595016129033,62,61,0.95
23.66_86.91,23.6628186,86.9119259,100,96,0.9077
23.66_86.92,23.664102528089888,86.9191884269663,356,323,1.4333426966292135
23.66_87.21,23.662803333333333,87.20712333333334,3,3,0.6366666666666667
23.67_84.99,23.669701106941837,84.99131328330206,533,434,1.2815196998123826
23.67_85.0,23.66794717721519,84.9971518101266,790,589,1.3333417721518985
23.67_86.08,23.674452962962963,86.08443148148147,54,54,1.6451851851851853
23.67_86.09,23.669839818365286,86.09062517658931,991,741,1.4364076690211907
23.67_86.1,23.67391681818182,86.10371227272728,22,22,1.3859090909090908
23.67_86.11,23.672720829268293,86.11095824390243,205,177,1.3108780487804879
23.67_86.12,23.671223333333334,86.11669458333334,48,44,1.4777083333333334
23.67_86.39,23.67394,86.39412333333333,9,9,1.528888888888889
23.67_86.4,23.674055185185185,86.4003336026936,297,242,1.7955218855218855
23.67_86.41,23.673332,86.407178,5,5,3.718
23.67_86.42,23.669236055776892,86.41998410358566,251,155,1.539760956175299
23.67_86.91,23.66667,86.91453,3,3,1.7666666666666666
23.67_86.92,23.66696554263566,86.92014939922481,1032,667,1.9928585271317831
23.67_86.93,23.67108189189189,86.93410351351352,37,37,1.2886486486486486
23.67_86.94,23.67140392156863,86.9365043137255,102,93,1.410686274509804
23.68_86.07,23.67798388888889,86.07034777777778,36,36,0.7691666666666667
23.68_86.08,23.67988374422188,86.08360141756548,1298,837,2.09037750385208
23.68_86.09,23.67987009054326,86.08997064050973,2982,1136,2.5808283031522468
23.68_86.1,23.68061062037037,86.0973825925926,1080,709,2.736435185185185
23.68_86.11,23.676930727272726,86.10648681818182,110,96,1.4985454545454546
23.68_86.38,23.68434,86.38499,1,1,1.08
23.68_86.39,23.682460573613767,86.39221418738049,2615,1170,2.835866156787763
23.68_86.4,23.67899451072125,86.398509208577,2565,1090,2.4800974658869395
23.68_86.41,23.67651076923077,86.40538769230768,13,13,2.1753846153846155
23.68_87.12,23.684661944444443,87.12184861111112,36,35,1.2472222222222222
23.68_87.13,23.68469,87.125545,2,2,0.7
23.69_68.83,23.690032608695653,68.83255434782609,23,22,0.6347826086956522
23.69_85.29,23.694694210526315,85.29042,19,19,1.2378947368421052
23.69_86.08,23.69157204819277,86.08026614457832,83,76,1.9354216867469882
23.69_86.09,23.685813166666666,86.09033983333333,60,59,1.544
23.69_86.1,23.685666666666666,86.09606333333333,3,3,2.3733333333333335
23.69_86.39,23.68773332230908,86.3905185748647,3326,1212,2.880583283223091
23.69_86.4,23.68590856,86.39574224,125,122,2.7392
23.69_87.09,23.69102666666667,87.09484666666667,3,3,2.28
23.69_87.1,23.690459102478233,87.0996518151373,1493,950,1.7781580709979905
23.69_87.11,23.693166433512683,87.10989959262106,1301,728,1.6667409684857801
23.69_87.12,23.69109482731347,87.12093585025048,3793,1184,1.8759583443184815
23.69_87.13,23.69271074766355,87.12541308411215,107,101,1.4305607476635513
23.6_87.15,23.604148474576274,87.15214468926553,177,165,1.1296610169491526
23.71_85.28,23.71123215277778,85.28322701388889,144,132,1.0253472222222222
23.71_85.29,23.710766363636363,85.28625681818181,22,22,1.0295454545454545
23.71_85.3,23.709115714285712,85.29593571428572,7,7,0.4785714285714286
23.71_85.4,23.70902703125,85.403499296875,128,121,0.6325
23.71_85.41,23.708861538461537,85.40541999999999,13,13,0.5315384615384615
23.71_85.43,23.708933333333334,85.42687333333333,3,3,0.52
23.71_86.07,23.70636,86.07260032520325,123,104,2.2670731707317073
23.71_86.08,23.707143548387098,86.07619064516129,31,31,1.7029032258064516
23.71_86.44,23.714600181818184,86.44319472727273,55,54,1.3909090909090909
23.71_86.45,23.712423811659193,86.4502830941704,223,121,2.4160089686098654
23.72_85.0,23.724114444444446,85.00449222222223,9,9,1.1122222222222222
23.72_85.01,23.72060114384749,85.00855197573657,577,501,0.9610398613518197
23.72_85.02,23.72495,85.02406,1,1,1.55
23.72_85.29,23.71542,85.28557,1,1,0.49
23.72_85.52,23.72343946236559,85.52400247311827,93,91,0.6619354838709678
23.72_85.53,23.722976578947367,85.52564868421052,38,37,0.6105263157894737
23.72_86.44,23.719891668032787,86.44152456557377,2440,1021,2.1555245901639344
23.72_86.45,23.719641890372454,86.4479539775123,1423,821,2.294834855938159
23.73_85.0,23.728377000000002,85.00422413043478,230,209,1.6584347826086956
23.73_85.01,23.728617794117646,85.00705295588234,680,454,1.987485294117647
23.73_85.02,23.73110206812652,85.0219202189781,411,301,1.7480048661800485
23.73_85.03,23.72886265060241,85.02614096385543,83,67,1.9933734939759036
23.73_85.52,23.7254025,85.52425500000001,4,4,0.545
23.73_85.53,23.725418,85.52573,5,5,0.44000000000000006
23.73_86.42,23.733790593220338,86.4229529661017,118,115,1.1503389830508475
23.73_86.43,23.7342568627451,86.43196323529412,102,89,2.5116666666666667
23.73_86.44,23.727887550471063,86.43996012113055,743,549,2.0796231493943473
23.73_86.45,23.72843626984127,86.44776714285713,126,109,1.5700793650793652
23.73_86.75,23.731521666666666,86.75439833333333,12,12,1.4966666666666668
23.73_86.76,23.731259831460672,86.75700393258427,178,161,1.4708426966292134
23.74_85.0,23.738887222222225,85.00461388888888,18,18,1.9127777777777777
23.74_85.01,23.73838038532962,85.01056266945217,2154,971,2.2224791086350977
23.74_85.02,23.73715076923077,85.01823380341881,234,199,1.8855555555555557
23.74_85.5,23.743717662337662,85.50425090909091,154,154,1.2114935064935064
23.74_85.51,23.743939821428572,85.50653038690477,336,328,1.115982142857143
23.74_86.42,23.741142566666667,86.42318313333334,300,251,1.4037
23.74_86.43,23.737487803030305,86.43189831439393,528,357,2.5679166666666666
23.74_86.44,23.737015636363637,86.4359809090909,110,99,2.2064545454545454
23.75_85.5,23.745860999999998,85.50440437500001,80,79,1.004875
23.75_85.51,23.746092713178296,85.5072157364341,387,356,1.0413695090439277
23.75_85.85,23.75295432989691,85.85399958762888,97,91,1.9454639175257733
23.75_85.86,23.75239484330484,85.857718005698,351,272,2.4335612535612534
23.75_85.87,23.75249,85.86562,1,1,1.08
23.75_86.4,23.754051069958848,86.39981390946502,243,220,1.605432098765432
23.75_86.41,23.75211784946237,86.41346655913978,93,89,1.9308602150537633
23.75_86.42,23.7501012345679,86.41906302910053,2268,1021,1.9441931216931219
23.75_86.43,23.746310625,86.425756875,32,32,1.5040625
23.76_85.85,23.7577603714565,85.85324110459433,1023,732,2.2676832844574784
23.76_85.86,23.75843171257485,85.85741920958084,835,595,2.197676646706587
23.76_86.03,23.76435909090909,86.03446181818182,11,11,1.4954545454545454
23.76_86.04,23.7643,86.03668642857143,42,39,1.437857142857143
23.76_86.37,23.764571,86.37379200000001,20,20,1.673
23.76_86.38,23.764290256410256,86.3801632051282,78,67,1.5383333333333333
23.76_86.39,23.762797523727354,86.39273471958585,1159,808,2.4924849007765313
23.76_86.4,23.759605620604052,86.40051726106744,4834,1206,2.9496917666528755
23.76_86.41,23.758936596385542,86.40572689759036,332,290,2.532951807228916
23.76_86.42,23.759292849740934,86.41738295336788,193,177,1.2461658031088083
23.77_86.01,23.76821157894737,86.01205736842105,19,19,0.6836842105263158
23.77_86.03,23.766732597402598,86.03390298701298,77,74,1.225844155844156
23.77_86.04,23.76658945652174,86.0366152173913,92,83,1.5285869565217391
23.77_86.19,23.773999444444442,86.192995,18,18,1.345
23.77_86.2,23.772352048192772,86.20110354082999,1494,850,1.8629183400267737
23.77_86.21,23.773386496763752,86.20852516181229,1236,758,2.254724919093851
23.77_86.22,23.77274,86.21561,1,1,3.23
23.77_86.36,23.77378955,86.36319284999999,400,331,2.3609999999999998
23.77_86.37,23.769757178988325,86.37044365758756,514,370,2.093696498054475
23.77_86.38,23.769779856801907,86.38121169451075,419,330,1.9969928400954655
23.77_86.39,23.76973929329609,86.3903388547486,3580,1075,2.3465698324022344
23.77_86.4,23.767461023622047,86.39964657838225,1397,740,2.256456692913386
23.77_86.41,23.767295224719103,86.4063106741573,178,135,2.5469662921348317
23.78_86.19,23.776042307692308,86.19016557692308,52,49,1.410576923076923
23.78_86.2,23.778590795107032,86.20341088685015,327,263,2.5495107033639144
23.78_86.21,23.779637666108318,86.20854772194305,3582,1115,3.199366275823562
23.78_86.22,23.77736,86.21551666666666,6,6,0.9533333333333333
23.78_86.3,23.78467,86.3034425,4,4,1.9849999999999999
23.78_86.31,23.784665,86.30672249999999,12,12,1.4075
23.78_86.33,23.784140271493214,86.33317619909502,221,201,1.887058823529412
23.78_86.34,23.781022728146013,86.34215397694524,1041,669,1.9749471661863593
23.78_86.35,23.780734947216892,86.34708031190019,2084,1101,2.365043186180422
23.78_86.36,23.77631399577167,86.36315133192389,473,393,2.135200845665962
23.78_86.37,23.780068148148146,86.37168950869237,1323,758,1.9227513227513229
23.78_86.38,23.778329067796612,86.38029851694915,236,216,1.9877542372881356
23.78_86.39,23.779303666724644,86.39084236736824,5749,1305,3.0056061923812836
23.78_86.4,23.77999852130326,86.39621928989139,1197,755,2.4662740183792815
23.79_85.56,23.7941875,85.559565,4,3,0.9750000000000001
23.79_86.21,23.785567179487177,86.20838615384615,39,34,1.8887179487179486
23.79_86.23,23.79395487394958,86.23357235294117,238,233,1.1778571428571427
23.79_86.24,23.793965770925112,86.2363434801762,227,223,1.2715859030837002
23.79_86.3,23.786836714285712,86.30395478571428,140,133,1.4920714285714285
23.79_86.31,23.786950901287554,86.3069113304721,233,218,1.6328755364806866
23.79_86.32,23.788394897959186,86.31623734693878,49,48,1.692448979591837
23.79_86.33,23.787160528511823,86.33283877607788,719,499,2.4505980528511824
23.79_86.34,23.78670668831169,86.33597922077922,154,142,2.46
23.79_86.35,23.79276167143441,86.35192163874132,2447,1114,2.7974254188802616
23.79_86.36,23.7925886122449,86.35554097959184,245,214,2.485959183673469
23.79_86.37,23.788417714285714,86.37153314285713,280,257,1.2519285714285715
23.79_86.39,23.78521,86.3929175,8,7,1.4325
23.79_87.07,23.7938555,87.0739035,20,20,2.621
23.79_87.08,23.791669615384613,87.07702884615385,26,26,2.0357692307692306
23.7_85.0,23.695856666666668,84.99689,3,2,0.3466666666666667
23.7_85.27,23.700120363636366,85.27402618181817,110,103,1.1467272727272728
23.7_85.28,23.69879879245283,85.27745649056604,265,231,1.0789433962264152
23.7_85.29,23.697044581280785,85.29079394088669,203,163,1.1944827586206896
23.7_86.07,23.701915969387755,86.07312257653061,392,309,2.443316326530612
23.7_86.08,23.698248333333336,86.07754737442923,438,318,2.490045662100457
23.7_87.1,23.695964700854702,87.10406162393161,117,112,1.6986324786324787
23.7_87.11,23.695834214285714,87.10799914285714,280,237,1.6401428571428571
23.7_87.12,23.695705514285713,87.11999334285714,350,276,1.5851142857142857
23.7_87.13,23.695312,87.12531,5,5,1.2040000000000002
23.81_84.84,23.80782531120332,84.84317485477177,241,189,1.3404979253112033
23.81_84.85,23.808584970178927,84.84699777335983,503,395,1.3867395626242545
23.81_85.53,23.810374799999998,85.5325268,50,45,0.6728000000000001
23.81_85.54,23.8051,85.53868,1,1,1.02
23.81_85.86,23.80702741935484,85.86230548387097,31,29,0.8945161290322581
23.81_86.31,23.8077479245283,86.31429836477987,159,150,2.092138364779874
23.81_86.32,23.80779507858546,86.31790418467584,1018,706,2.5666502946954814
23.81_86.33,23.80610409321175,86.32952549138804,987,699,2.7357142857142858
23.81_87.02,23.81223,87.02445,1,1,3.85
23.81_87.03,23.809151896551725,87.03192793103447,58,48,1.3827586206896552
23.81_87.04,23.806322799999997,87.0391554,50,49,1.4969999999999999
23.81_87.05,23.80525,87.046635,2,2,2.1100000000000003
23.82_84.84,23.816053750000002,84.8441525,8,8,1.4837500000000001
23.82_84.85,23.816127499999997,84.84690041666667,48,41,1.7456250000000002
23.82_84.93,23.82433976190476,84.93100761904762,42,39,1.9845238095238094
23.82_85.46,23.824009347826088,85.46328434782609,46,45,0.5567391304347826
23.82_85.47,23.824155714285716,85.46525285714286,7,7,0.5185714285714286
23.82_85.49,23.821643917525773,85.49422371134021,97,92,1.434742268041237
23.82_85.5,23.822858621621624,85.49847018918918,1110,792,1.6591891891891892
23.82_86.97,23.81588,86.96983,1,1,0.42
23.83_84.92,23.832272352941178,84.92215176470589,17,14,1.5623529411764705
23.83_84.93,23.828007684210526,84.93232247368421,190,103,2.272684210526316
23.83_84.94,23.82863888888889,84.93596222222222,27,27,1.5203703703703704
23.83_85.46,23.825635555555557,85.46370777777777,18,18,0.5294444444444445
23.83_85.47,23.82534,85.46532,1,1,0.36
23.83_85.49,23.82502,85.49453,1,1,1.04
23.83_85.5,23.82607916179337,85.49974688109162,513,444,1.8532358674463938
23.84_84.95,23.83893874251497,84.9487207784431,167,129,1.152694610778443
23.84_85.3,23.840870757575757,85.3038053030303,66,64,0.7356060606060606
23.84_85.31,23.841172692307694,85.3055273076923,26,26,0.7153846153846154
23.84_85.47,23.837390416666665,85.46875375,24,24,1.0999999999999999
23.8_84.84,23.80357305699482,84.84352227979275,193,184,1.0936269430051813
23.8_84.85,23.80376153846154,84.8457423076923,65,65,1.1346153846153846
23.8_85.54,23.8034656097561,85.53840609756098,41,39,1.068048780487805
23.8_86.23,23.79581383458647,86.23395097744361,133,132,1.1153383458646617
23.8_86.24,23.79574124137931,86.23628724137932,145,142,1.2075172413793103
23.8_86.31,23.80383909090909,86.31431545454545,11,11,1.8527272727272726
23.8_86.32,23.803077367021277,86.32211218085106,376,260,2.8094680851063827
23.8_86.33,23.802826245210728,86.3289905704555,2349,1193,2.9379778629203916
23.8_86.34,23.798350060240963,86.34297927710843,166,143,2.089036144578313
23.8_86.35,23.796522893309223,86.35110122061482,1106,712,2.811871609403255
23.8_86.36,23.795515,86.35528681818181,22,22,2.5281818181818183
23.8_87.04,23.801695046728973,87.04274859813084,107,90,2.593551401869159
23.8_87.05,23.800226751507033,87.04874082384461,1493,762,2.9164768921634296
23.8_87.06,23.79965576923077,87.05718999999999,52,52,1.9615384615384615
23.8_87.07,23.796043333333333,87.07397833333334,6,6,3.766666666666667
23.92_85.34,23.92471714285714,85.34322285714286,7,7,0.6814285714285715
23.93_85.34,23.92644150442478,85.3428296460177,113,109,0.760353982300885
23.99_79.39,23.989335996055225,79.39193157790926,507,466,1.2262721893491124
23.99_79.4,23.990035,79.395275,2,2,0.99
24.01_80.53,24.00991740740741,80.52980962962964,27,27,1.0692592592592594
24.05_80.61,24.052881916666667,80.61354925,240,231,1.20775
24.05_80.62,24.05239794117647,80.61555705882353,34,34,0.9897058823529411
24.06_80.61,24.05515,80.61401,1,1,1.07
24.11_86.86,24.11439720930232,86.85968186046512,43,39,1.466046511627907
24.12_82.61,24.12395,82.6139859090909,22,21,1.3018181818181818
24.12_82.62,24.124344375,82.6164265625,32,30,1.1571875
24.12_86.35,24.11843958174905,86.35190357414449,263,243,0.969467680608365
24.12_86.36,24.119297500000002,86.35610880434783,92,88,0.8207608695652174
24.12_86.86,24.118042478260868,86.85962147826088,230,160,1.3386086956521739
24.13_82.57,24.13404625,82.57001725,40,32,2.896
24.13_82.61,24.126681282051283,82.61420897435897,39,37,1.1017948717948718
24.13_82.62,24.12639303030303,82.61632878787879,33,32,1.0
24.14_82.56,24.141974803921567,82.5632831372549,102,80,2.2245098039215687
24.14_82.57,24.138670839160838,82.56869685314686,143,95,2.197832167832168
24.14_82.6,24.144693333333333,82.60355,3,3,0.45
24.14_82.61,24.14463,82.6051525,4,4,0.45
24.14_82.63,24.143631111111112,82.63353444444445,27,26,0.8681481481481482
24.14_82.64,24.14234,82.6369929032258,31,24,1.3338709677419356
24.14_82.68,24.142135,82.6806375,4,4,0.71
24.14_82.74,24.14417,82.74372,1,1,0.66
24.14_86.33,24.144635625,86.3318225,16,15,1.08625
24.15_82.56,24.14690681818182,82.56257045454545,22,20,2.1750000000000003
24.15_82.57,24.14995,82.565145,2,2,1.6600000000000001
24.15_82.6,24.146289545454547,82.60349636363637,44,43,0.649090909090909
24.15_82.61,24.146216666666664,82.60561666666666,6,6,0.6766666666666667
24.15_82.63,24.1457625,82.63370499999999,4,4,0.545
24.15_82.67,24.15489,82.67448,1,1,1.41
24.15_82.68,24.15489,82.67553,1,1,0.98
24.15_86.33,24.146601694915255,86.33202372881355,59,51,0.8498305084745763
24.16_82.55,24.162215,82.5546125,4,4,1.19
24.16_82.56,24.161643610108303,82.55907212996391,277,152,2.4319494584837544
24.16_82.6,24.1572725,82.6016025,4,4,1.115
24.16_82.61,24.163223333333335,82.61303666666667,3,2,3.5066666666666664
24.16_82.62,24.16323222222222,82.62395444444445,9,8,1.6900000000000002
24.16_82.63,24.16404,82.62570500000001,2,2,0.855
24.16_82.67,24.15892252669039,82.67164320284697,281,179,1.5307473309608541
24.16_82.68,24.159794583333333,82.67624833333333,24,20,2.0825
24.16_82.69,24.16336,82.686005,2,2,0.65
24.17_80.69,24.167511485507248,80.69394253623187,276,267,1.1045652173913043
24.17_80.7,24.167591338582675,80.69601657480314,254,238,1.0539370078740158
24.17_82.56,24.168823100775196,82.56039935769657,903,467,2.0430675526024364
24.17_82.57,24.170870833333336,82.56572416666667,12,12,1.9508333333333334
24.17_82.62,24.16513,82.62339,1,1,0.42
24.17_82.68,24.168513333333333,82.67944166666668,12,11,1.4233333333333336
24.18_82.57,24.18260827586207,82.57105206896551,203,180,1.4065024630541871
24.18_82.58,24.184168333333332,82.5763575,12,12,1.3633333333333333
24.18_82.68,24.175503333333335,82.67848,3,3,0.5866666666666667
24.19_82.57,24.1884366,82.5733898,50,45,1.5412000000000001
24.19_82.58,24.19083569536424,82.57736887417218,302,212,1.5167880794701987
24.21_82.52,24.206273431372548,82.52403294117646,102,96,1.0872549019607844
24.21_82.53,24.20644620967742,82.52615653225807,124,121,1.028709677419355
24.21_82.71,24.20691821487603,82.71044119008263,605,415,1.866677685950413
24.21_82.72,24.206825,82.71539666666666,6,6,2.0816666666666666
24.24_78.16,24.242584285714287,78.16217857142858,14,13,1.3807142857142856
24.2_80.8,24.202755,80.80031984126984,126,122,1.0285714285714285
24.2_82.52,24.20438588235294,82.52380647058824,34,33,1.1138235294117647
24.2_82.53,24.20436451612903,82.52590903225806,31,31,1.1125806451612903
24.2_82.58,24.195169999999997,82.576655,2,2,0.95
24.2_82.71,24.204386923076925,82.71100717948718,78,68,1.5438461538461539
24.2_82.72,24.20376,82.71563,1,1,1.99
24.32_81.33,24.32471482758621,81.32753379310346,29,29,1.0251724137931035
24.33_81.33,24.326282947976875,81.32775063583816,173,168,1.0021387283236995
24.45_83.04,24.44929717791411,83.03931604294478,326,303,0.947760736196319
24.48_77.14,24.482802307692307,77.14460230769231,13,13,2.0053846153846155
24.48_77.15,24.482774523809525,77.14698547619048,42,36,2.300952380952381
24.49_77.15,24.485219999999998,77.14704333333333,3,3,0.5733333333333334
24.53_81.17,24.528297414965987,81.16939163265306,147,145,0.8712244897959183
24.56_81.0,24.564279193548387,81.00312741935484,124,122,1.3028225806451614
24.56_81.01,24.56401,81.00505,1,1,1.28
24.56_81.17,24.56476,81.17498,1,1,1.75
24.56_81.18,24.5649,81.17657,1,1,0.83
24.57_81.0,24.565665185185185,81.00327530864197,81,80,1.0862962962962963
24.57_81.01,24.566177500000002,81.00546,4,4,1.2325
24.57_81.17,24.566149999999997,81.17469666666666,3,3,1.1666666666666667
24.57_81.18,24.566113846153847,81.17653538461538,26,26,0.8611538461538462
24.58_74.8,24.578831586402266,74.80333354107648,353,335,1.1319546742209632
24.58_74.81,24.57941870967742,74.80535903225805,31,31,1.116774193548387
24.59_80.86,24.594873999999997,80.861278,5,5,0.8320000000000001
24.61_73.82,24.605292,73.816304,5,5,0.764
24.64_74.68,24.641749759036145,74.68361397590361,83,74,1.4487951807228916
24.64_74.69,24.641499666666668,74.68568833333333,30,29,1.3316666666666668
24.66_73.87,24.657903333333334,73.87409666666667,3,3,0.7600000000000001
24.66_73.88,24.657971714285715,73.876882,35,35,1.0231428571428571
24.66_74.63,24.661311709577753,74.6326003192585,971,777,1.7590628218331616
24.66_74.64,24.661603522012577,74.63564081761007,159,151,1.4665408805031448
24.69_73.0,24.69014683523654,73.00267499184339,613,537,1.434127243066884
24.69_73.01,24.690338571428573,73.00528071428572,14,14,1.4342857142857144
24.69_74.68,24.691466000000002,74.68113485714285,35,34,1.0554285714285714
24.6_73.81,24.604546666666668,73.81476333333333,3,3,0.7166666666666667
24.6_73.82,24.603645588235295,73.81710088235295,34,33,1.0982352941176472
24.6_80.86,24.595961,80.86121399999999,40,39,1.0205
24.71_74.67,24.714159739130434,74.67063504347827,115,113,0.9042608695652173
24.71_75.95,24.714043255813955,75.9529325,172,166,1.0040116279069766
24.71_75.96,24.71436,75.95515833333333,6,6,0.7200000000000001
24.72_74.67,24.715357419354838,74.6704464516129,31,31,0.7503225806451613
24.72_75.95,24.715492786885246,75.95265262295082,122,119,0.9829508196721312
24.72_75.96,24.71503,75.95507,1,1,0.58
24.76_74.6,24.76284391304348,74.60469434782608,23,23,1.6365217391304347
24.76_74.61,24.763296917177914,74.6078490797546,652,572,1.74920245398773
24.77_74.6,24.76573,74.605,1,1,1.01
24.77_74.61,24.76542295652174,74.60784886956522,115,112,1.428
24.82_73.09,24.821115449915112,73.09341142614602,589,547,1.3974193548387097
24.82_73.1,24.82140111801242,73.09554919254659,161,157,1.259503105590062
24.92_84.15,24.923364000000003,84.1543712,25,25,1.0688
24.92_84.16,24.92304414893617,84.15617010638297,94,91,0.7088297872340426
24.92_84.17,24.922691363636364,84.16749,22,21,0.5668181818181819
24.93_74.63,24.933465098039218,74.63339879084967,306,298,1.2419281045751633
24.93_74.64,24.933503384615385,74.63546615384615,65,65,1.0366153846153845
24.93_84.14,24.92964,84.14445,1,1,21.8
24.93_84.15,24.929580975609756,84.14790024390244,41,41,0.8034146341463414
24.93_84.16,24.92542,84.15681,1,1,0.5
24.94_74.63,24.935280714285714,74.6335957142857,28,28,1.1489285714285715
24.94_74.64,24.935291538461538,74.6353923076923,13,13,0.9107692307692308
24.96_74.12,24.96237307692308,74.12396076923076,13,13,0.8807692307692307
24.96_74.13,24.96181833333333,74.12564333333333,6,6,0.7783333333333333
25.31_71.75,25.30557,71.75092,1,1,2.72
25.31_83.01,25.310965806451613,83.01350951612903,62,61,1.036451612903226
25.31_83.02,25.310779,83.015341,10,10,0.744
25.3_71.75,25.301381499999998,71.7522335,60,49,1.4653333333333334
25.3_71.76,25.300695714285716,71.75603714285714,21,20,1.0776190476190475
25.3_71.77,25.2986,71.76867999999999,2,2,1.155
25.41_86.02,25.41462,86.02434,1,1,1.71
25.41_86.03,25.414415714285717,86.02723857142857,7,7,2.224285714285714
25.42_86.02,25.41618,86.0236425,4,3,1.495
25.42_86.03,25.416610000000002,86.02727090909092,11,10,1.86
25.44_86.07,25.43703,86.06841826666667,75,61,2.946266666666667
25.51_90.9,25.513569999999998,90.90406428571428,7,7,1.0157142857142856
25.51_90.91,25.513110357142857,90.90765857142857,28,22,1.3610714285714285
25.52_90.9,25.519167619047618,90.90395142857143,21,15,1.4533333333333334
25.52_90.91,25.516591034482758,90.90663655172415,29,21,1.237241379310345
25.54_91.23,25.54247909090909,91.2345390909091,11,11,0.7190909090909091
25.54_91.24,25.5417975,91.23588083333334,24,23,0.6541666666666667
25.67_76.19,25.671774444444445,76.18919666666666,18,17,0.5316666666666667
25.91_71.57,25.906806666666668,71.56875000000001,3,3,0.4833333333333334
26.06_93.89,26.058992857142858,93.89320928571429,14,14,0.5978571428571428
26.06_93.93,26.063799873417725,93.92949303797468,79,76,0.6187341772151899
26.07_93.93,26.065753333333337,93.92913333333333,15,15,0.5786666666666667
26.08_93.95,26.084663999999997,93.95227,10,10,0.449
26.09_93.95,26.08581476190476,93.95181666666667,21,21,0.4657142857142857
26.26_74.09,26.257769600000003,74.0945052,25,25,0.9279999999999999
26.26_74.1,26.25784215909091,74.09628147727273,88,82,0.9009090909090909
26.26_74.19,26.264637826086958,74.18876,23,23,0.9782608695652174
26.27_74.19,26.269850723104057,74.18904148148148,567,405,1.3803880070546737
26.28_74.19,26.27528,74.19012,1,1,0.72
26.3_74.12,26.297302758620688,74.12435775862069,58,56,1.005344827586207
26.3_74.13,26.297252631578946,74.12637330827069,133,132,0.9808270676691728
26.52_90.53,26.522421690821254,90.5319261352657,207,162,1.847294685990338
26.52_90.54,26.52080777777778,90.53630018518518,54,49,2.477777777777778
26.53_90.53,26.525113333333334,90.533,3,3,1.93
26.61_73.68,26.60576819672131,73.68363540983606,61,59,0.9391803278688524
26.61_73.69,26.6058508,73.68555959999999,25,25,0.8828
26.64_79.47,26.641936086956523,79.473915,92,81,2.5135869565217392
26.64_79.48,26.642191635514017,79.47923864485982,1284,744,2.484135514018692
26.64_79.49,26.643428,79.485346,5,5,4.538
26.65_79.47,26.646176000000004,79.473798,5,5,3.222
26.65_79.48,26.645602459016395,79.48001598360655,122,108,3.2071311475409834
26.65_79.49,26.64514,79.4853,1,1,10.58
26.6_73.68,26.604485,73.68366326086957,46,46,0.8782608695652173
26.6_73.69,26.60414384615385,73.68561807692308,26,26,0.948076923076923
26.76_83.19,26.760089999999998,83.194715,2,2,1.6400000000000001
26.76_83.2,26.76009806451613,83.19970359139785,930,754,1.5226021505376344
26.76_83.21,26.760094166666665,83.20608416666666,24,24,1.03375
26.77_94.51,26.772642,94.506638,5,5,0.6439999999999999
26.78_94.67,26.784178666666666,94.671363,60,56,0.7063333333333334
26.79_94.67,26.785954069767445,94.67155825581395,86,80,0.6845348837209302
26.79_94.69,26.79365,94.68938365853658,41,38,0.5741463414634146
26.81_94.69,26.809897499999998,94.69319125,8,6,1.06625
26.81_94.7,26.810304000000002,94.696338,5,5,0.454
26.87_73.51,26.873935217391303,73.51448826086957,23,23,1.071304347826087
26.87_73.52,26.873508719999997,73.51700136000001,375,358,1.0901866666666666
26.88_73.51,26.87823367977528,73.5137858988764,356,325,1.1326404494382023
26.88_73.52,26.877057454068243,73.51614782152231,381,354,1.1228608923884515
26.92_73.47,26.924986666666666,73.46882333333333,3,3,0.79
26.93_73.47,26.92689081632653,73.46844482993197,147,138,0.7870748299319729
27.03_69.71,27.034225,69.714385,4,4,0.5525
27.03_69.72,27.034049999999997,69.71546333333333,3,3,0.7633333333333333
27.03_94.89,27.031183396226417,94.8904554716981,53,46,1.4175471698113207
27.04_69.71,27.035795,69.712745,2,2,0.7150000000000001
27.08_73.82,27.080235357142858,73.81743571428572,84,80,0.9103571428571429
27.26_95.12,27.26433875,95.12376125,8,8,0.46499999999999997
27.26_95.13,27.264570000000003,95.12532666666668,3,3,0.9866666666666667
27.26_95.15,27.260805,95.14867,2,2,0.515
27.27_95.12,27.266825454545454,95.12375212121212,33,32,0.723939393939394
27.27_95.13,27.26627142857143,95.1254542857143,7,7,0.51
27.31_95.26,27.31465,95.26453000000001,5,5,1.614
27.31_95.27,27.314556,95.266926,5,5,0.866
27.32_95.26,27.318004370860926,95.26405291390728,151,137,1.2993377483443709
27.32_95.27,27.317907100271004,95.26673140921409,369,274,1.3985907859078592
27.32_95.28,27.323666666666668,95.27721333333334,3,2,0.8033333333333332
27.33_95.28,27.3260925,95.27808,8,7,0.5975
27.34_95.48,27.340273333333336,95.48133666666666,9,9,0.6233333333333333
27.37_94.89,27.36861565217391,94.89379304347827,23,21,2.5504347826086957
27.37_94.9,27.368478490566037,94.89662056603773,53,46,2.3947169811320754
27.37_95.09,27.374726,95.08746599999999,5,5,0.622
27.38_95.08,27.37583,95.084555,2,2,0.9450000000000001
27.38_95.09,27.377183195876288,95.08762103092783,291,253,0.7146735395189003
27.39_95.43,27.39279846153846,95.43416692307693,13,12,0.7492307692307693
27.39_95.44,27.39292692307692,95.43598153846155,13,13,0.6176923076923077
27.3_95.39,27.301893999999997,95.393836,5,5,0.374
27.3_95.4,27.30246,95.39624666666667,3,3,0.4033333333333333
27.46_95.42,27.464570000000002,95.42136500000001,2,2,0.655
27.46_95.47,27.46133593220339,95.47433016949152,59,52,1.0342372881355932
27.46_95.48,27.4610423297491,95.47657229390681,279,214,1.0551254480286738
27.47_95.42,27.46898151187905,95.42265701943843,926,579,1.3203995680345573
27.47_95.43,27.469033898305085,95.42567254237288,59,54,1.3398305084745763
27.4_95.43,27.39509,95.43403,1,1,0.95
27.4_95.44,27.39546,95.43587,1,1,0.32
27.52_76.67,27.51656117647059,76.6709094117647,17,17,0.8011764705882353
27.53_95.4,27.534202500000003,95.40005363636364,44,41,0.796590909090909
27.54_95.4,27.53592358974359,95.40027153846154,39,38,0.6697435897435897
27.55_96.04,27.554628461538464,96.03915923076923,13,13,0.713076923076923
27.56_96.04,27.557968338607594,96.03940634493671,632,433,0.9843670886075949
27.61_95.4,27.606210319148936,95.40192313829786,376,309,1.1406914893617022
27.61_95.41,27.606466,95.40558,5,5,1.062
27.67_76.13,27.667846477438136,76.13033036390101,687,580,1.4122707423580787
27.67_76.14,27.668498125,76.135666875,16,16,0.825
27.6_95.4,27.604048529411763,95.4017130514706,272,227,1.1221323529411766
27.82_73.22,27.82445285714286,73.22257,7,7,1.2142857142857142
27.82_73.23,27.82411,73.22514,1,1,0.43
27.83_73.22,27.826725,73.22255458333333,24,23,1.5333333333333332
27.83_73.23,27.82667,73.22511,1,1,1.45
28.07_77.86,28.070362142857142,77.85782642857143,14,14,0.5664285714285714
28.12_76.8,28.119343333333333,76.79864555555555,36,35,0.8252777777777778
28.27_77.27,28.271408787878787,77.27351818181819,33,31,0.7545454545454546
28.27_77.28,28.272180000000002,77.27573333333333,3,3,0.84
28.35_77.23,28.347208297872342,77.23099234042553,47,40,0.7887234042553192
28.35_77.26,28.35152,77.26214666666667,21,17,1.0547619047619048
28.35_77.27,28.35264,77.26516,1,1,0.58
28.36_77.24,28.358863333333332,77.24299666666667,3,3,0.6900000000000001
28.62_77.47,28.6221725,77.472015,8,8,0.53
28.63_77.47,28.6256,77.47469,1,1,0.75
28.73_77.15,28.72848,77.15485,3,3,1.1366666666666667
28.73_77.16,28.72856780487805,77.15648292682927,41,38,0.5273170731707317
28.74_76.92,28.74393,76.92486,2,2,1.085
28.74_76.93,28.74321969072165,76.92825835051546,97,88,0.9621649484536082
28.74_76.95,28.74215285714286,76.95437428571428,7,7,1.2242857142857144
28.74_76.96,28.743372727272728,76.95583636363637,11,11,0.5627272727272726
28.75_76.93,28.745715714285716,76.92706761904762,21,21,0.7985714285714286
28.75_76.95,28.745375,76.95413500000001,2,2,1.0
28.75_76.96,28.745635,76.95559,2,2,0.88
28.79_77.07,28.7949,77.06954,1,1,0.59
28.79_77.15,28.793717627118642,77.14938508474576,59,54,0.9681355932203389
28.8_77.07,28.796588000000003,77.07021,5,5,0.8480000000000001
28.8_77.15,28.79558,77.14994999999999,2,2,1.0750000000000002
29.12_75.77,29.12434,75.77398,1,1,1.33
29.12_75.78,29.12380413249211,75.77820384858045,317,297,1.175552050473186
29.13_75.77,29.126697999999998,75.77436800000001,5,4,1.4140000000000001
29.13_75.78,29.12559225490196,75.77843980392157,102,101,1.1108823529411764
29.45_76.86,29.45411333333333,76.86431,3,3,1.4433333333333334
29.45_76.87,29.454512,76.867408,10,9,2.5989999999999993
29.46_76.86,29.458465151515153,76.86408333333334,33,31,4.880303030303031
29.46_76.87,29.45780619047619,76.86758604761904,210,152,4.080238095238095
29.46_76.89,29.460210545454547,76.88942054545454,55,39,2.0069090909090908
29.47_76.86,29.47385,76.85782375,8,7,3.43375
29.48_76.85,29.476689999999998,76.854285,2,2,1.48
29.48_76.86,29.47631277777778,76.85814611111111,18,15,3.1405555555555558
29.91_74.94,29.90977775510204,74.9431361904762,147,95,6.869455782312925
29.91_74.95,29.90966395852969,74.94979180018849,1061,433,8.113798303487275
29.91_74.96,29.9087678,74.9566492,50,37,14.314200000000001
29.92_74.94,29.91541,74.94171,1,1,4.72
29.92_74.95,29.91680875,74.9515125,8,7,4.93375
29.9_74.95,29.9043275,74.949805,8,8,4.34875
29.9_74.96,29.9029,74.95653,1,1,2.77
30.85_75.95,30.85151,75.94658,1,1,0.51
30.88_75.99,30.882599,75.994045,10,10,0.5940000000000001
30.88_76.0,30.8831,75.9957,4,4,0.5375000000000001
31.25_76.93,31.25002975342466,76.9286445479452,365,342,0.6338630136986302
31.26_76.92,31.259208536585366,76.92390796747968,123,121,0.7804065040650406
31.26_76.93,31.258873932038835,76.92613708737865,206,195,0.8035436893203883
31.33_76.89,31.327955775862073,76.89405155172413,116,116,0.8528448275862069
31.33_76.9,31.3280809009009,76.89605945945947,111,109,0.6973873873873874
31.41_76.84,31.413439999999998,76.83575333333333,3,3,0.6766666666666667
8.87_78.16,8.86733,78.15561,1,1,2.42
9.98_76.37,9.977391956521739,76.37389782608696,46,44,1.547391304347826
9.98_76.38,9.977929324324323,76.37607391891892,74,73,1.78
